Average,CrossValidation,GBM,GA,NaiveBaggingRegression,ArBaggingRegression,ArmaBaggingRegression,ArimaBaggingRegression,EtsBaggingRegression,esn
9.511568123393316,13.367609254498714,-18.251928020565554,4.113110539845758,19.151670951156813,15.038560411311053,14.781491002570693,8.483290488431876,17.223650385604113,8.226221079691516
-1.2642225031605563,0.6321112515802781,-22.25031605562579,-2.9077117572692797,-1.643489254108723,0.0,-1.643489254108723,-1.7699115044247788,-1.5170670037926675,-1.1378002528445006
-5.434782608695652,-2.4154589371980677,-25.724637681159418,-8.816425120772948,-4.4685990338164245,-3.260869565217391,-2.7777777777777777,-2.898550724637681,-4.3478260869565215,-3.985507246376811
7.412223667100131,9.362808842652797,-17.29518855656697,5.461638491547465,7.672301690507152,8.322496749024708,8.712613784135241,13.394018205461638,7.932379713914174,5.461638491547465
-0.12853470437017994,1.4138817480719794,-21.46529562982005,-1.0282776349614395,-1.1568123393316194,0.6426735218508998,0.0,12.982005141388175,-0.8997429305912596,1.2853470437017995
7.024793388429752,9.77961432506887,-15.84022038567493,4.40771349862259,7.162534435261708,8.953168044077135,9.228650137741047,23.96694214876033,7.43801652892562,9.50413223140496
-16.0,-14.285714285714285,-31.542857142857144,-17.257142857142856,-17.02857142857143,-14.62857142857143,-15.085714285714285,2.057142857142857,-16.8,-12.0
2.95159386068477,4.250295159386068,-21.723730814639904,1.4167650531286895,3.3057851239669422,3.0696576151121606,4.7225501770956315,19.244391971664697,3.4238488783943333,7.43801652892562
-13.919052319842054,-15.301085883514315,-36.13030602171767,-11.352418558736426,-16.38696939782823,-16.189536031589338,-16.58440276406713,-0.8884501480750246,-16.189536031589338,-10.069101678183614
-11.599297012302284,-11.599297012302284,-38.488576449912124,-11.86291739894552,-10.984182776801406,-13.093145869947275,-11.86291739894552,-2.3725834797891037,-10.808435852372583,-10.808435852372583
-8.273092369477911,-10.281124497991968,-38.393574297188756,-6.104417670682731,-8.594377510040161,-12.048192771084338,-11.566265060240964,-2.8112449799196786,-8.514056224899598,-10.200803212851406
7.613344739093241,3.849443969204448,-34.388366124893075,11.976047904191617,6.501283147989735,1.3686911890504705,1.7964071856287425,8.982035928143713,6.672369546621043,4.020530367835757
-10.394537177541729,-13.125948406676782,-41.80576631259484,-7.207890743550835,-11.305007587253414,-14.946889226100152,-15.857359635811836,-9.332321699544764,-11.077389984825494,-11.532625189681335
0.9375,-0.078125,-40.078125,0.9375,2.96875,-2.5,-1.7187500000000002,-2.265625,3.125,-3.359375
-5.461254612546126,-8.118081180811808,-43.39483394833948,-2.730627306273063,-5.535055350553505,-10.184501845018449,-10.99630996309963,-11.512915129151292,-5.313653136531365,-9.22509225092251
-10.301003344481606,-12.173913043478262,-48.69565217391305,-8.896321070234112,-9.364548494983277,-14.31438127090301,-14.180602006688964,-18.59531772575251,-9.230769230769232,-15.384615384615385
11.069277108433734,8.433734939759036,-42.243975903614455,12.876506024096384,12.575301204819278,5.647590361445784,6.024096385542169,-1.957831325301205,12.725903614457831,0.5271084337349398
10.945273631840797,6.882255389718077,-36.401326699834165,15.58872305140962,10.11608623548922,4.477611940298507,2.570480928689884,-1.4096185737976783,10.364842454394694,4.228855721393035
-2.055921052631579,-3.0427631578947367,-36.92434210526316,-1.8092105263157896,-0.8223684210526315,-4.934210526315789,-6.0855263157894735,-12.664473684210526,-0.6578947368421052,-4.769736842105264
1.7094017094017095,1.5384615384615385,-34.44444444444444,0.8547008547008548,3.9316239316239314,-0.4273504273504274,-0.5982905982905984,-10.76923076923077,4.017094017094017,-2.905982905982906
-2.6981450252951094,-3.288364249578415,-35.32883642495784,-2.866779089376054,-1.3490725126475547,-5.059021922428331,-5.733558178752108,-14.165261382799327,-1.2647554806070826,-5.480607082630692
8.003679852805888,6.899724011039559,-29.438822447102115,8.647654093836247,9.107635694572217,4.875804967801288,4.6918123275068995,-2.7598896044158234,9.19963201471941,3.1278748850046
19.688542825361512,19.35483870967742,-18.687430478309235,19.46607341490545,20.912124582869858,17.352614015572858,16.017797552836484,12.235817575083425,21.134593993325918,16.907675194660733
1.5981735159817352,3.1963470319634704,-24.315068493150687,-0.45662100456621,2.6255707762557075,2.1689497716894977,0.3424657534246575,1.0273972602739725,2.73972602739726,0.45662100456621
10.282776349614396,13.624678663239074,-18.251928020565554,5.912596401028278,12.596401028277635,12.596401028277635,12.596401028277635,9.768637532133676,12.853470437017995,8.354755784061698
-2.272727272727273,0.5050505050505051,-22.348484848484848,-5.303030303030303,-1.7676767676767675,0.12626262626262627,-1.0101010101010102,3.2828282828282833,-1.6414141414141417,-1.6414141414141417
-5.535499398315283,-2.6474127557160045,-25.992779783393498,-9.025270758122744,-4.693140794223827,-3.1287605294825513,-2.7677496991576414,1.444043321299639,-4.57280385078219,-5.6558363417569195
5.605095541401274,7.515923566878981,-18.980891719745223,3.694267515923567,5.859872611464969,6.751592356687898,7.261146496815287,17.197452229299362,6.114649681528663,4.585987261146497
1.5364916773367476,2.9449423815621,-21.76696542893726,0.6402048655569782,0.5121638924455826,2.3047375160051216,1.792573623559539,17.6696542893726,0.7682458386683738,3.0729833546734953
7.554945054945055,9.89010989010989,-16.071428571428573,5.4945054945054945,7.280219780219781,9.340659340659341,9.478021978021978,27.06043956043956,7.417582417582418,9.340659340659341
-16.761041902604756,-14.722536806342015,-32.16308040770102,-18.23329558323896,-17.553793884484712,-14.949037372593432,-15.402038505096263,1.0192525481313703,-17.327293318233295,-13.023782559456398
3.651354534746761,4.946996466431095,-21.908127208480565,2.0023557126030624,4.004711425206125,3.8869257950530036,5.771495877502945,18.021201413427562,4.122497055359246,7.538280329799764
-14.299706170421157,-15.670910871694419,-36.6307541625857,-11.655239960822723,-16.846229187071497,-16.35651322233105,-16.846229187071497,-2.9382957884427032,-16.748285994123407,-10.675808031341822
-11.954624781849912,-11.518324607329843,-38.39441535776614,-12.914485165794066,-10.907504363001745,-12.827225130890053,-11.431064572425829,-3.2286212914485164,-10.732984293193718,-11.169284467713787
-7.987220447284344,-10.063897763578275,-38.73801916932907,-5.7507987220447285,-8.466453674121405,-11.741214057507987,-11.182108626198083,-3.3546325878594248,-8.386581469648563,-10.543130990415335
7.7512776831345835,4.003407155025554,-34.667802385008514,12.095400340715502,6.643952299829642,1.8739352640545146,2.2998296422487225,10.051107325383304,6.729131175468483,4.34412265758092
-11.452095808383234,-13.847305389221557,-42.58982035928144,-8.682634730538922,-12.125748502994012,-15.494011976047902,-16.392215568862277,-9.281437125748502,-12.050898203592816,-12.20059880239521
2.406832298136646,0.6211180124223602,-40.45031055900621,3.4161490683229814,3.7267080745341614,-1.5527950310559007,-0.6987577639751553,-0.4658385093167702,3.804347826086957,-2.950310559006211
-5.212922173274596,-7.929515418502203,-43.68575624082232,-2.3494860499265786,-5.4331864904552125,-9.838472834067549,-10.719530102790015,-8.883994126284875,-5.359765051395008,-8.883994126284875
-10.438829787234043,-12.23404255319149,-49.00265957446808,-9.175531914893616,-9.441489361702128,-14.095744680851062,-13.962765957446807,-16.75531914893617,-9.375,-15.625
11.49511645379414,8.940646130728776,-42.37415477084899,13.298271975957926,12.997746055597295,6.311044327573254,6.7618332081142,0.9767092411720512,13.072877535687452,0.67618332081142
10.634789777411378,6.595218466611706,-36.76834295136026,15.169002473206925,9.727947238252268,4.369332234130256,2.555647155812036,-0.3297609233305853,9.810387469084914,4.03957131079967
-2.840909090909091,-3.6525974025974026,-37.743506493506494,-2.75974025974026,-1.5422077922077921,-5.438311688311688,-6.412337662337662,-11.85064935064935,-1.461038961038961,-5.681818181818182
2.3769100169779285,2.2071307300509337,-34.88964346349746,1.4431239388794566,4.584040747028863,0.3395585738539898,0.2546689303904924,-9.168081494057725,4.668930390492361,-2.122241086587436
-2.4328859060402683,-3.0201342281879198,-35.65436241610738,-2.348993288590604,-1.174496644295302,-4.697986577181208,-5.453020134228188,-12.583892617449665,-1.0906040268456376,-5.201342281879195
6.148282097649186,5.605786618444846,-30.65099457504521,5.877034358047016,7.775768535262206,3.79746835443038,3.7070524412296564,-3.4358047016274864,7.775768535262206,1.7179023508137432
21.53163152053274,21.08768035516093,-18.867924528301888,21.309655937846834,22.752497225305216,19.3118756936737,18.09100998890122,13.540510543840178,22.86348501664817,18.64594894561598
2.2753128555176336,3.1854379977246867,-24.573378839590443,1.2514220705346986,2.502844141069397,2.3890784982935154,0.22753128555176336,0.11376564277588168,2.6166097838452784,1.7064846416382253
9.195402298850574,13.409961685823754,-18.773946360153257,3.3205619412515963,12.260536398467432,12.51596424010217,12.643678160919542,10.344827586206897,12.388250319284802,8.173690932311622
-9.25925925925926,-7.175925925925926,-28.819444444444443,-11.226851851851851,-9.375,-7.4074074074074066,-8.333333333333332,-6.481481481481481,-9.25925925925926,-9.953703703703704
2.7644230769230766,5.168269230769231,-23.557692307692307,-0.3605769230769231,3.8461538461538463,4.447115384615385,5.528846153846153,7.572115384615384,3.9663461538461537,3.7259615384615383
6.725888324873096,7.3604060913705585,-19.289340101522843,6.725888324873096,5.583756345177665,6.852791878172589,6.345177664974619,15.101522842639595,5.710659898477157,5.83756345177665
1.9206145966709345,3.329065300896287,-21.76696542893726,0.8962868117797695,0.8962868117797695,2.9449423815621,2.6888604353393086,14.7247119078105,1.0243277848911652,1.9206145966709345
6.8493150684931505,9.726027397260275,-16.301369863013697,4.10958904109589,6.986301369863014,9.315068493150685,9.58904109589041,23.56164383561644,7.123287671232877,8.082191780821917
-16.647919010123736,-14.960629921259844,-32.62092238470191,-17.66029246344207,-17.885264341957257,-15.073115860517436,-15.410573678290213,-1.687289088863892,-17.885264341957257,-12.710911136107987
3.9952996474735603,5.405405405405405,-22.09165687426557,2.2326674500587544,4.465334900117509,4.582843713278495,6.580493537015276,17.391304347826086,4.582843713278495,8.225616921269095
-15.249266862170089,-15.542521994134898,-36.070381231671554,-14.173998044965789,-16.81329423264907,-16.129032258064516,-16.617790811339198,-3.519061583577713,-16.715542521994134,-11.632453567937437
-11.923411662315056,-11.488250652741515,-38.55526544821584,-12.88076588337685,-10.966057441253264,-12.619669277632726,-11.22715404699739,-2.8720626631853787,-10.966057441253264,-11.836379460400348
-8.028616852146264,-10.174880763116057,-39.0302066772655,-5.643879173290938,-8.664546899841017,-11.685214626391097,-11.128775834658187,-2.305246422893482,-8.585055643879173,-9.777424483306836
7.614213197969544,3.8917089678511,-35.10998307952622,11.844331641285956,6.429780033840947,1.8612521150592216,2.3688663282571913,10.067681895093063,6.514382402707277,3.807106598984772
-11.58129175946548,-13.882702301410543,-43.05864884929473,-8.834446919079436,-12.24944320712695,-15.44172234595397,-16.258351893095767,-9.131403118040089,-12.175204157386785,-12.694877505567929
2.7027027027027026,1.0038610038610039,-40.772200772200776,3.783783783783784,4.015444015444015,-1.0810810810810811,-0.15444015444015444,0.5405405405405406,4.0926640926640925,-2.9343629343629343
-5.116959064327485,-7.821637426900585,-43.932748538011694,-2.1929824561403506,-5.33625730994152,-9.576023391812866,-10.380116959064328,-8.698830409356725,-5.263157894736842,-8.991228070175438
-10.634081902245708,-12.351387054161163,-49.339498018494055,-9.379128137384413,-9.64332892998679,-14.134742404227213,-13.936591809775429,-15.521796565389694,-9.577278731836197,-15.984147952443859
12.162162162162163,9.60960960960961,-42.41741741741742,13.963963963963963,13.663663663663664,7.207207207207207,7.657657657657657,2.6276276276276276,13.73873873873874,1.0510510510510511
10.163934426229508,6.147540983606557,-37.131147540983605,14.672131147540984,9.180327868852459,4.180327868852459,2.2131147540983607,1.639344262295082,9.262295081967213,3.6885245901639343
-1.7857142857142856,-3.0844155844155843,-37.743506493506494,-0.8116883116883116,-0.974025974025974,-4.707792207792208,-5.60064935064935,-9.659090909090908,-0.8928571428571428,-5.194805194805195
2.461799660441426,2.2920203735144313,-34.88964346349746,1.5280135823429541,4.584040747028863,0.5942275042444821,0.5093378607809848,-6.8760611205432935,4.668930390492361,-2.2920203735144313
-2.6778242677824267,-3.1799163179916317,-35.81589958158996,-2.761506276150628,-1.4225941422594142,-4.686192468619247,-5.355648535564853,-11.96652719665272,-1.3389121338912133,-5.690376569037657
6.407942238267148,5.776173285198556,-30.776173285198556,6.227436823104693,7.851985559566788,4.1516245487364625,4.061371841155235,-1.9855595667870036,7.9422382671480145,1.444043321299639
21.483942414174972,21.15171650055371,-19.047619047619047,21.373200442967885,22.702104097452935,19.4905869324474,18.383167220376524,14.507198228128459,22.812846068660022,18.6046511627907
1.9340159271899888,3.526734926052332,-24.573378839590443,0.11376564277588168,2.7303754266211606,2.844141069397042,0.6825938566552902,0.7963594994311717,2.844141069397042,1.4789533560864618
9.01015228426396,12.81725888324873,-19.289340101522843,3.807106598984772,11.548223350253807,12.18274111675127,12.18274111675127,9.263959390862944,11.6751269035533,7.614213197969544
-9.896432681242807,-7.13463751438435,-29.228998849252015,-13.003452243958574,-9.321058688147296,-7.13463751438435,-8.05523590333717,-6.67433831990794,-9.205983889528193,-9.205983889528193
3.361344537815126,5.642256902761105,-23.649459783913564,0.36014405762304924,4.321728691476591,5.162064825930372,6.24249699879952,7.082833133253301,4.321728691476591,2.881152460984394
6.852791878172589,7.614213197969544,-19.289340101522843,6.598984771573605,5.710659898477157,7.233502538071066,6.725888324873096,14.086294416243655,5.83756345177665,6.345177664974619
1.6602809706257982,3.1928480204342273,-21.966794380587483,0.6385696040868455,0.6385696040868455,3.065134099616858,2.681992337164751,13.282247765006385,0.7662835249042145,1.7879948914431671
5.9620596205962055,8.94308943089431,-17.208672086720867,2.710027100271003,6.097560975609756,8.672086720867208,8.94308943089431,21.680216802168022,6.097560975609756,7.181571815718158
-20.319148936170212,-18.72340425531915,-34.46808510638298,-21.27659574468085,-21.48936170212766,-18.72340425531915,-18.93617021276596,-6.170212765957447,-21.382978723404257,-17.127659574468083
9.859154929577464,10.7981220657277,-21.948356807511736,8.450704225352112,10.328638497652582,9.859154929577464,12.323943661971832,21.5962441314554,10.44600938967136,12.793427230046946
-14.25800193986421,-16.003879728419008,-37.245392822502424,-10.96023278370514,-17.361784675072744,-16.488845780795344,-17.458777885548013,-2.909796314258002,-17.361784675072744,-10.96023278370514
-12.076455256298871,-10.860121633362294,-38.66203301476976,-14.16159860990443,-10.425716768027801,-11.902693310165075,-10.425716768027801,-2.9539530842745436,-10.338835794960904,-11.381407471763684
-8.16812053925456,-10.15067406819984,-39.175257731958766,-6.026962727993656,-8.723235527359238,-11.498810467882633,-10.943695479777954,-2.299762093576527,-8.643933386201427,-10.547184773988898
6.599832915622389,2.923976608187134,-35.92314118629908,10.944026733500417,5.3467000835421885,1.086048454469507,1.5873015873015872,9.35672514619883,5.3467000835421885,3.1746031746031744
-10.99630996309963,-13.357933579335793,-43.39483394833948,-8.339483394833948,-11.660516605166052,-14.686346863468636,-15.498154981549817,-8.339483394833948,-11.660516605166052,-12.619926199261993
3.1562740569668977,1.308698999230177,-40.95458044649731,4.311008468052348,4.311008468052348,-0.6158583525789069,0.30792917628945343,2.0785219399538106,4.311008468052348,-2.848344880677444
-5.822416302765648,-7.860262008733625,-44.177583697234354,-3.7845705967976713,-5.458515283842795,-9.461426491994178,-10.334788937409025,-7.278020378457059,-5.385735080058224,-8.951965065502183
-10.356200527704486,-12.005277044854882,-49.406332453825854,-9.234828496042216,-9.366754617414248,-13.654353562005278,-13.456464379947231,-14.313984168865435,-9.300791556728234,-15.633245382585754
12.303075768942236,9.752438109527382,-42.460615153788446,14.17854463615904,13.728432108027006,7.4268567141785455,7.876969242310578,4.801200300075019,13.728432108027006,1.5003750937734432
9.535452322738386,5.704971475142624,-37.489812550937245,13.854930725346373,8.638956805215974,3.830480847595762,1.9559902200488997,1.5484922575387123,8.720456397718012,2.93398533007335
-1.2175324675324677,-2.4350649350649354,-37.743506493506494,-0.3246753246753247,-0.4058441558441558,-3.977272727272727,-4.870129870129871,-8.19805194805195,-0.3246753246753247,-4.707792207792208
2.883799830364716,2.2900763358778624,-34.944868532654795,2.629346904156064,4.495335029686174,0.7633587786259541,0.5937234944868532,-5.51314673452078,4.580152671755725,-1.9508057675996608
-1.921470342522974,-3.1746031746031744,-35.92314118629908,-0.9189640768588136,-1.5037593984962405,-4.511278195488721,-5.179615705931495,-10.442773600668337,-1.5037593984962405,-5.680868838763575
6.582506762849413,5.951307484220019,-30.838593327321913,6.402164111812443,7.93507664562669,4.418394950405771,4.418394950405771,-0.8115419296663661,7.93507664562669,1.8935978358881875
20.481927710843372,20.04381161007667,-19.934282584884993,20.372398685651696,21.467688937568454,18.619934282584886,17.41511500547645,13.581599123767798,21.57721796276013,16.538882803943046
2.9545454545454546,4.545454545454546,-24.659090909090907,1.1363636363636365,3.75,3.977272727272727,1.9318181818181817,1.3636363636363635,3.8636363636363633,2.5
9.125475285171103,12.927756653992395,-19.39163498098859,4.182509505703422,11.533586818757922,12.420785804816223,12.420785804816223,8.491761723700888,11.533586818757922,8.365019011406844
-9.931506849315069,-7.648401826484018,-29.794520547945208,-12.100456621004566,-9.931506849315069,-7.534246575342466,-8.447488584474886,-8.21917808219178,-9.817351598173515,-10.045662100456621
2.843601895734597,5.213270142180095,-24.644549763033176,-0.23696682464454977,3.7914691943127963,4.739336492890995,5.924170616113744,6.161137440758294,3.7914691943127963,3.4360189573459716
8.365019011406844,8.871989860583017,-17.110266159695815,8.491761723700888,6.970849176172369,8.491761723700888,8.111533586818757,15.082382762991129,6.970849176172369,7.477820025348543
1.1406844106463878,2.6615969581749046,-22.56020278833967,0.12674271229404308,0.0,2.6615969581749046,2.1546261089987326,10.773130544993663,0.0,1.520912547528517
6.207827260458839,9.31174089068826,-17.543859649122805,2.968960863697706,6.477732793522267,9.31174089068826,9.581646423751687,19.70310391363023,6.612685560053981,7.557354925775979
-21.069182389937108,-19.60167714884696,-35.42976939203354,-22.0125786163522,-22.32704402515723,-19.39203354297694,-19.70649895178197,-8.385744234800839,-22.22222222222222,-17.61006289308176
8.47651775486827,9.736540664375717,-24.398625429553263,6.529209621993128,9.278350515463918,8.934707903780069,11.34020618556701,19.702176403207332,9.278350515463918,10.996563573883162
-13.955726660250239,-14.725697786333011,-35.129932627526465,-12.223291626564004,-15.976900866217516,-15.110683349374398,-16.07314725697786,-2.4061597690086622,-15.976900866217516,-10.298363811357074
-10.74523396880416,-10.398613518197573,-38.82149046793761,-11.611785095320624,-9.965337954939342,-11.351819757365684,-9.965337954939342,-2.4263431542461005,-9.965337954939342,-11.178509532062392
-8.214849921011059,-10.189573459715639,-39.41548183254344,-5.845181674565561,-8.846761453396525,-11.453396524486571,-10.90047393364929,-2.527646129541864,-8.846761453396525,-9.95260663507109
6.49458784346378,2.9975020815986677,-36.13655287260616,10.407993338884262,5.412156536219817,1.3322231473771857,1.9150707743547042,9.575353871773522,5.412156536219817,3.1640299750208163
-11.29032258064516,-13.563049853372434,-43.7683284457478,-8.504398826979472,-11.950146627565983,-14.809384164222875,-15.542521994134898,-8.431085043988269,-11.87683284457478,-12.756598240469208
3.522205206738132,1.454823889739663,-41.27105666156202,5.130168453292496,4.44104134762634,-0.3062787136294028,0.6125574272588056,3.0627871362940278,4.51761102603369,-3.0627871362940278
-5.720492396813903,-7.8204199855177405,-44.4605358435916,-3.837798696596669,-5.430847212165098,-9.268645908761766,-10.137581462708182,-6.517016654598118,-5.430847212165098,-9.341057204923969
-10.249671484888305,-11.892247043363994,-49.60578186596584,-9.132720105124836,-9.264126149802891,-13.403416557161629,-13.206307490144548,-13.337713534822601,-9.264126149802891,-15.900131406044679
11.821561338289962,9.219330855018587,-42.973977695167285,13.680297397769516,13.159851301115241,7.137546468401487,7.5836431226765795,5.4275092936802976,13.234200743494423,0.7434944237918215
9.89456609894566,6.163828061638281,-37.793998377939985,14.193025141930251,9.083536090835361,4.4606650446066505,2.5952960259529605,3.1630170316301705,9.083536090835361,3.4874290348742907
-1.0509296685529508,-2.3443815683104283,-37.99514955537591,-0.08084074373484236,-0.32336297493936944,-3.7186742118027487,-4.607922392886015,-7.760711398544867,-0.2425222312045271,-4.931285367825384
2.9585798816568047,2.4513947590870666,-35.16483516483517,2.789518174133559,4.564666103127641,1.0143702451394758,0.84530853761623,-5.07185122569738,4.564666103127641,-1.69061707523246
-2.828618968386023,-3.24459234608985,-36.18968386023295,-2.995008319467554,-1.5806988352745424,-4.409317803660566,-5.074875207986689,-10.149750415973378,-1.497504159733777,-5.657237936772046
6.840684068406841,6.300630063006301,-30.96309630963096,6.660666066606661,8.19081908190819,4.9504950495049505,4.86048604860486,-1.08010801080108,8.19081908190819,2.16021602160216
20.41484716157205,19.978165938864628,-20.19650655021834,20.41484716157205,21.2882096069869,18.66812227074236,17.5764192139738,14.301310043668122,21.2882096069869,17.358078602620086
3.061224489795918,4.761904761904762,-24.829931972789115,1.2471655328798186,3.8548752834467117,4.308390022675737,2.380952380952381,0.22675736961451248,3.8548752834467117,2.8344671201814062
8.312342569269521,12.594458438287154,-19.899244332493705,2.770780856423174,11.083123425692696,12.21662468513854,12.21662468513854,7.5566750629722925,11.083123425692696,7.8085642317380355
-10.282485875706215,-7.909604519774012,-30.508474576271187,-12.54237288135593,-10.282485875706215,-7.796610169491526,-8.587570621468926,-8.813559322033898,-10.282485875706215,-10.3954802259887
3.7869822485207103,6.153846153846154,-21.53846153846154,0.8284023668639053,4.733727810650888,5.798816568047338,6.982248520710059,6.035502958579881,4.85207100591716,4.497041420118343
6.857855361596011,7.356608478802992,-18.453865336658353,6.982543640897755,5.361596009975062,7.231920199501247,6.733167082294264,12.468827930174564,5.361596009975062,6.234413965087282
2.6615969581749046,4.309252217997465,-22.56020278833967,1.6476552598225602,1.6476552598225602,4.309252217997465,4.055766793409378,12.167300380228136,1.7743979721166032,3.5487959442332064
6.0402684563758395,8.859060402684564,-17.986577181208055,3.087248322147651,5.906040268456376,8.993288590604028,9.12751677852349,18.523489932885905,5.906040268456376,7.919463087248323
-21.354166666666664,-19.583333333333332,-35.833333333333336,-22.5,-22.395833333333336,-19.375,-19.583333333333332,-9.479166666666666,-22.395833333333336,-17.708333333333336
7.936507936507936,9.297052154195011,-25.170068027210885,5.895691609977324,8.843537414965986,8.616780045351474,11.11111111111111,18.70748299319728,8.843537414965986,10.317460317460316
-14.081826831588963,-14.843006660323502,-35.87059942911513,-12.274024738344433,-16.079923882017127,-15.22359657469077,-16.079923882017127,-3.7107516650808754,-15.984776403425311,-10.751665080875357
-9.93091537132988,-9.671848013816927,-39.03281519861831,-10.708117443868739,-9.24006908462867,-10.535405872193436,-9.153713298791018,-2.4179620034542317,-9.24006908462867,-10.708117443868739
-9.262166405023548,-10.43956043956044,-40.816326530612244,-8.16326530612245,-9.105180533751962,-11.538461538461538,-10.989010989010989,-2.904238618524333,-9.026687598116169,-9.89010989010989
5.155482815057283,1.9639934533551555,-37.234042553191486,8.674304418985269,4.25531914893617,0.4091653027823241,0.9819967266775778,8.8379705400982,4.3371522094926345,1.227495908346972
-10.276967930029155,-12.609329446064141,-44.096209912536445,-7.580174927113703,-10.932944606413994,-13.77551020408163,-14.431486880466474,-7.215743440233237,-10.860058309037901,-11.9533527696793
3.8931297709923665,1.7557251908396947,-41.45038167938932,5.572519083969466,4.732824427480916,0.15267175572519084,0.9923664122137404,4.0458015267175576,4.809160305343512,-2.519083969465649
-6.043165467625899,-8.057553956834532,-44.82014388489209,-4.172661870503598,-5.755395683453238,-9.424460431654676,-10.287769784172662,-5.971223021582734,-5.683453237410072,-9.568345323741006
-9.960681520314548,-11.533420707732635,-49.737876802096984,-9.043250327653997,-8.91218872870249,-12.975098296199214,-12.7129750982962,-12.254259501965924,-8.91218872870249,-15.727391874180865
11.860637509266123,9.191994069681247,-43.14306893995552,13.862120088954782,13.120830244625648,7.264640474425501,7.70941438102298,6.597479614529281,13.194959229058561,0.815418828762046
9.6045197740113,5.9725585149313964,-38.095238095238095,13.640032284100082,8.878127522195319,4.4390637610976595,2.58272800645682,4.035512510088781,8.958837772397095,2.9055690072639226
-0.8064516129032258,-2.0161290322580645,-38.145161290322584,0.08064516129032258,-0.08064516129032258,-3.306451612903226,-4.193548387096775,-7.016129032258064,0.0,-4.67741935483871
2.3450586264656614,1.8425460636515913,-35.76214405360134,2.0938023450586267,3.8525963149078724,0.5025125628140703,0.41876046901172526,-4.773869346733668,3.936348408710218,-2.4288107202680065
-2.1576763485477177,-2.572614107883817,-36.34854771784232,-2.323651452282158,-0.9128630705394192,-3.6514522821576767,-4.232365145228216,-8.796680497925312,-0.9128630705394192,-5.062240663900415
7.014388489208632,6.474820143884892,-31.02517985611511,7.014388489208632,8.363309352517986,5.215827338129497,5.215827338129497,-0.539568345323741,8.363309352517986,2.068345323741007
19.86970684039088,19.54397394136808,-20.30401737242128,19.86970684039088,20.738327904451683,18.458197611292075,17.263843648208468,13.572204125950055,20.738327904451683,16.829533116178066
3.040540540540541,4.617117117117117,-24.0990990990991,1.1261261261261262,3.7162162162162162,4.391891891891892,2.4774774774774775,0.45045045045045046,3.7162162162162162,3.2657657657657655
8.5,12.5,-17.125,3.25,11.0,12.25,12.25,7.124999999999999,11.125,7.625
-11.012235817575084,-8.676307007786429,-31.590656284760843,-13.348164627363737,-11.012235817575084,-8.453837597330367,-9.232480533926585,-10.122358175750835,-11.012235817575084,-10.789766407119021
4.577464788732395,6.807511737089202,-22.183098591549296,1.643192488262911,5.516431924882629,6.572769953051644,7.863849765258216,6.220657276995305,5.633802816901409,5.046948356807512
7.329192546583851,7.82608695652174,-18.757763975155278,7.7018633540372665,5.838509316770186,7.82608695652174,7.204968944099378,11.925465838509316,5.838509316770186,6.956521739130435
1.5037593984962405,3.634085213032581,-23.43358395989975,-0.2506265664160401,0.8771929824561403,3.7593984962406015,3.3834586466165413,10.025062656641603,0.8771929824561403,2.506265664160401
6.8181818181818175,9.62566844919786,-18.315508021390375,4.010695187165775,6.684491978609626,9.893048128342247,10.026737967914439,17.780748663101605,6.684491978609626,8.155080213903744
-21.34715025906736,-19.585492227979277,-36.16580310880829,-22.487046632124354,-22.487046632124354,-19.27461139896373,-19.585492227979277,-11.917098445595855,-22.487046632124354,-16.99481865284974
7.528089887640449,8.98876404494382,-25.842696629213485,5.393258426966292,8.426966292134832,8.426966292134832,10.89887640449438,16.741573033707866,8.426966292134832,10.112359550561797
-12.973484848484848,-14.488636363636365,-35.41666666666667,-10.037878787878787,-15.719696969696969,-14.678030303030305,-15.530303030303031,-5.018939393939394,-15.719696969696969,-10.511363636363637
-10.034305317324185,-9.862778730703258,-37.735849056603776,-10.548885077186965,-9.433962264150944,-10.548885077186965,-9.262435677530018,-2.5728987993138936,-9.433962264150944,-10.034305317324185
-9.431021044427123,-10.44427123928293,-41.23148869836321,-8.807482462977397,-9.11925175370226,-11.379579111457522,-10.83398285268901,-2.9618082618862043,-9.11925175370226,-10.600155884645362
4.44264943457189,1.3731825525040386,-38.04523424878837,7.835218093699516,3.634894991922456,-0.08077544426494346,0.48465266558966075,8.077544426494345,3.715670436187399,0.40387722132471726
-10.73729420186113,-13.09949892627058,-45.096635647816754,-8.017179670722978,-11.381531853972799,-14.173228346456693,-14.81746599856836,-7.229778095919828,-11.381531853972799,-12.598425196850393
5.239179954441914,3.037205770690964,-41.76157934700076,6.909643128321943,6.074411541381928,1.442672741078208,2.277904328018223,5.239179954441914,6.150341685649203,-1.7463933181473046
-6.075768406004289,-8.14867762687634,-45.175125089349535,-4.07433881343817,-5.861329521086491,-9.43531093638313,-10.364546104360258,-5.218012866333095,-5.861329521086491,-9.578270192994996
-9.797517962116265,-11.234487263226649,-49.902024820378834,-9.013716525146963,-8.621815806662312,-12.540822991508819,-12.279555845852384,-11.691704768125408,-8.621815806662312,-15.610711952971915
10.907759882869692,8.272327964860908,-43.850658857979504,12.88433382137628,12.079062957540264,6.44216691068814,6.808199121522694,5.856515373352855,12.079062957540264,-0.14641288433382138
8.795562599049129,5.388272583201268,-39.223454833597465,12.678288431061807,8.240887480190175,3.882725832012678,2.218700475435816,3.724247226624406,8.240887480190175,1.9809825673534072
0.24019215372297836,-1.0408326661329064,-38.59087269815853,1.200960768614892,1.0408326661329064,-2.1617293835068057,-3.042433947157726,-5.524419535628502,1.0408326661329064,-3.923138510808647
2.7522935779816518,2.168473728106756,-36.03002502085071,2.585487906588824,4.170141784820683,0.9174311926605505,0.6672226855713094,-5.004170141784821,4.08673894912427,-2.0016680567139282
-2.631578947368421,-2.9605263157894735,-36.92434210526316,-2.7960526315789473,-1.3980263157894737,-3.9473684210526314,-4.5230263157894735,-8.717105263157894,-1.4802631578947367,-5.509868421052631
7.232142857142858,6.696428571428571,-31.517857142857142,7.053571428571429,8.571428571428571,5.535714285714286,5.535714285714286,0.8035714285714285,8.571428571428571,2.5
19.292604501607716,18.863879957127548,-21.329046087888532,19.39978563772776,20.042872454448016,17.89924973204716,16.720257234726688,13.612004287245444,20.042872454448016,16.291532690246516
3.928170594837262,5.611672278338945,-24.354657687991022,2.132435465768799,4.713804713804714,5.387205387205387,3.5914702581369253,0.11223344556677892,4.601571268237935,3.254769921436588
8.054522924411401,12.01982651796778,-17.843866171003718,3.0978934324659235,10.408921933085502,11.895910780669144,11.771995043370508,5.452292441140025,10.285006195786865,7.434944237918216
-10.741971207087486,-8.305647840531561,-32.33665559246955,-13.178294573643413,-10.631229235880399,-7.973421926910299,-8.637873754152823,-10.741971207087486,-10.852713178294573,-10.299003322259136
4.215456674473068,7.142857142857142,-22.365339578454332,0.234192037470726,5.737704918032787,7.02576112412178,8.313817330210773,5.971896955503513,5.620608899297424,5.386416861826698
6.296296296296296,7.530864197530865,-19.25925925925926,5.432098765432099,5.432098765432099,7.654320987654321,7.037037037037037,10.987654320987653,5.432098765432099,5.9259259259259265
1.4943960149439601,3.61145703611457,-23.910336239103362,-0.24906600249066002,0.8717310087173101,3.8605230386052307,3.61145703611457,8.21917808219178,0.8717310087173101,2.6151930261519305
6.648936170212766,9.840425531914894,-18.75,3.4574468085106385,6.781914893617021,10.106382978723403,10.372340425531915,15.824468085106384,6.781914893617021,9.574468085106384
-21.34020618556701,-19.587628865979383,-37.01030927835052,-22.474226804123713,-22.474226804123713,-19.175257731958766,-19.381443298969074,-12.783505154639174,-22.474226804123713,-17.11340206185567
7.968574635241302,9.427609427609427,-25.925925925925924,5.723905723905724,8.866442199775532,8.978675645342312,11.447811447811448,16.835016835016837,8.866442199775532,10.998877665544333
-13.30188679245283,-14.622641509433961,-36.41509433962264,-10.566037735849058,-15.943396226415093,-14.716981132075471,-15.660377358490566,-4.150943396226415,-15.943396226415093,-10.283018867924529
-11.872909698996656,-11.705685618729097,-39.297658862876254,-12.54180602006689,-11.37123745819398,-12.37458193979933,-10.953177257525084,-5.60200668896321,-11.37123745819398,-12.040133779264215
-6.671838634600466,-8.688906128782001,-40.49650892164468,-4.577191621411948,-7.21489526764934,-9.619860356865788,-8.92164468580295,-1.6291698991466252,-6.982156710628394,-9.464701318851823
3.5003977724741446,0.31821797931583135,-38.98170246618934,7.159904534606206,2.5457438345266508,-0.9546539379474941,-0.5568814638027049,7.159904534606206,2.6252983293556085,-0.47732696897374705
-9.978617248752673,-12.188168210976478,-45.33143264433357,-7.483962936564505,-10.406272273699216,-13.186029935851746,-13.684960798289382,-6.343549536707056,-10.406272273699216,-12.687099073414112
4.920514761544284,3.1794095382286147,-41.93792581377744,5.904617713853141,6.207418622255867,1.7411052233156699,2.498107494322483,5.904617713853141,6.207418622255867,-1.7411052233156699
-5.924339757316202,-7.922912205567452,-45.25339043540328,-3.9257673090649536,-5.710206995003569,-9.136331192005711,-10.06423982869379,-5.139186295503212,-5.638829407566024,-9.564596716630978
-10.194805194805195,-11.558441558441558,-50.19480519480519,-9.480519480519481,-9.025974025974026,-12.79220779220779,-12.532467532467532,-11.363636363636363,-9.025974025974026,-15.714285714285714
10.442349528643945,7.904278462654098,-44.379985496736765,12.255257432922408,11.6751269035533,6.1638868745467725,6.671501087744742,6.381435823060189,11.747643219724438,-0.580130529369108
9.47867298578199,6.003159557661927,-39.41548183254344,13.349131121642971,8.925750394944707,4.660347551342812,3.0015797788309637,5.687203791469194,9.004739336492891,2.132701421800948
-0.15885623510722796,-1.4297061159650517,-39.07863383637808,0.8737092930897538,0.5559968228752978,-2.5416997617156474,-3.415409054805401,-5.003971405877681,0.47656870532168394,-4.368546465448769
2.899751449875725,2.31980115990058,-36.454018227009115,2.7340513670256836,4.308202154101077,1.2427506213753108,0.9942004971002486,-3.1483015741507874,4.225352112676056,-2.31980115990058
-3.089430894308943,-3.414634146341464,-37.642276422764226,-3.2520325203252036,-1.8699186991869918,-4.308943089430894,-4.878048780487805,-7.967479674796748,-1.951219512195122,-6.016260162601626
7.52212389380531,6.991150442477877,-32.123893805309734,7.345132743362832,8.849557522123893,5.929203539823009,5.929203539823009,0.9734513274336283,8.849557522123893,2.1238938053097343
20.21390374331551,19.67914438502674,-20.21390374331551,20.53475935828877,20.855614973262032,18.823529411764707,17.54010695187166,14.43850267379679,20.74866310160428,17.005347593582886
4.031354983202688,5.711086226203808,-25.53191489361702,2.3516237402015676,4.703247480403135,5.599104143337066,3.6954087346024638,1.007838745800672,4.591265397536394,4.143337066069429
8.271604938271606,11.851851851851853,-18.14814814814815,3.7037037037037033,10.246913580246913,11.975308641975309,11.851851851851853,5.679012345679013,10.123456790123457,7.4074074074074066
-11.19648737650933,-8.67178924259056,-32.93084522502745,-13.721185510428102,-11.086717892425906,-8.232711306256862,-8.89132821075741,-11.85510428100988,-11.306256860592754,-11.19648737650933
4.545454545454546,7.575757575757576,-22.727272727272727,0.5827505827505828,6.177156177156177,7.459207459207459,8.857808857808857,5.710955710955711,6.177156177156177,5.011655011655012
4.848484848484849,6.0606060606060606,-19.636363636363637,4.242424242424243,4.0,6.303030303030304,5.696969696969697,8.242424242424242,4.0,4.6060606060606055
2.977667493796526,4.962779156327544,-21.09181141439206,1.240694789081886,2.357320099255583,5.334987593052109,5.2109181141439205,8.808933002481389,2.2332506203473943,3.8461538461538463
7.28476821192053,9.801324503311259,-19.072847682119207,4.900662251655629,6.754966887417218,10.198675496688741,10.331125827814569,15.761589403973511,6.754966887417218,9.271523178807946
-21.53846153846154,-19.589743589743588,-36.30769230769231,-22.87179487179487,-22.564102564102566,-19.17948717948718,-19.384615384615383,-12.923076923076923,-22.564102564102566,-17.435897435897434
7.906458797327394,9.242761692650333,-26.50334075723831,6.013363028953229,8.574610244988865,8.908685968819599,11.358574610244988,14.810690423162583,8.574610244988865,9.799554565701559
-13.48314606741573,-14.606741573033707,-36.142322097378276,-11.04868913857678,-15.917602996254681,-14.606741573033707,-15.44943820224719,-5.430711610486892,-15.917602996254681,-10.767790262172285
-11.589403973509933,-11.920529801324504,-39.48675496688742,-11.341059602649006,-11.589403973509933,-12.417218543046356,-11.092715231788079,-6.043046357615895,-11.506622516556291,-12.417218543046356
-6.187161639597835,-8.043310131477185,-40.68058778035576,-4.176334106728538,-6.573859242072699,-8.894044856921887,-8.19798917246713,-2.010827532869296,-6.2645011600928076,-8.894044856921887
3.235990528808208,-0.07892659826361484,-39.46329913180742,7.02446724546172,2.0520915548539858,-1.2628255722178374,-0.9471191791633782,6.3141278610891876,2.44672454617206,-1.1838989739542225
-10.429880197322058,-12.473572938689218,-45.94785059901339,-8.24524312896406,-10.711768851303734,-13.389711064129669,-13.812544045102184,-7.399577167019028,-10.641296687808316,-13.178294573643413
5.864661654135339,3.684210526315789,-42.330827067669176,7.593984962406015,6.691729323308271,2.2556390977443606,3.082706766917293,6.616541353383458,7.067669172932331,-1.8796992481203008
-5.823863636363636,-7.7414772727272725,-45.52556818181818,-3.977272727272727,-5.5397727272727275,-8.806818181818182,-9.801136363636363,-4.6164772727272725,-5.46875,-9.588068181818182
-10.20671834625323,-11.563307493540051,-50.45219638242894,-9.560723514211885,-9.043927648578812,-12.661498708010335,-12.4031007751938,-11.175710594315245,-9.043927648578812,-16.08527131782946
10.136592379583034,7.548526240115025,-44.85981308411215,12.005751258087708,11.286843997124372,5.966930265995686,6.470165348670022,6.326383896477354,11.430625449317038,-1.1502516175413373
8.807482462977397,5.533904910366329,-40.2182385035074,12.470771628994544,8.417770849571317,4.286827747466875,2.7279812938425563,5.144193296960249,8.495713172252534,1.4029618082618862
-0.23715415019762848,-0.6324110671936759,-39.36758893280633,-0.5533596837944664,1.4229249011857708,-1.6600790513833994,-2.5296442687747036,-3.9525691699604746,1.3438735177865613,-3.7154150197628457
3.3057851239669422,2.56198347107438,-36.611570247933884,3.3884297520661155,4.545454545454546,1.5702479338842976,1.322314049586777,-2.231404958677686,4.380165289256198,-1.9834710743801653
-2.9197080291970803,-3.32522303325223,-37.793998377939985,-2.9197080291970803,-1.8653690186536902,-4.13625304136253,-4.703974047039741,-7.785888077858881,-1.9464720194647203,-5.35279805352798
7.400881057268722,6.784140969162995,-32.42290748898679,7.312775330396476,8.634361233480176,5.903083700440528,5.903083700440528,2.2026431718061676,8.54625550660793,2.555066079295154
18.967334035827186,18.440463645943098,-20.54794520547945,19.28345626975764,19.599578503688093,17.702845100105375,16.649104320337198,15.279241306638566,19.388830347734455,15.384615384615385
4.241071428571429,6.8080357142857135,-26.339285714285715,1.0044642857142858,5.915178571428571,6.8080357142857135,5.022321428571429,1.8973214285714284,5.357142857142857,5.133928571428571
8.353808353808354,11.793611793611793,-18.55036855036855,4.176904176904177,10.073710073710075,12.039312039312039,11.793611793611793,6.019656019656019,9.336609336609335,6.6339066339066335
-11.995637949836423,-8.833151581243184,-30.643402399127588,-15.376226826608505,-11.232279171210468,-8.287895310796074,-8.942202835332607,-11.777535441657578,-11.886586695747,-9.487459105779717
4.861111111111112,7.523148148148148,-23.26388888888889,1.1574074074074074,6.1342592592592595,7.638888888888889,8.912037037037036,5.092592592592593,5.555555555555555,5.208333333333334
5.447941888619854,6.779661016949152,-19.73365617433414,4.600484261501211,4.600484261501211,7.021791767554479,6.416464891041162,8.595641646489103,4.600484261501211,6.5375302663438255
2.4691358024691357,4.691358024691358,-21.48148148148148,0.3703703703703704,1.9753086419753085,5.061728395061729,4.938271604938271,6.790123456790123,1.8518518518518516,3.3333333333333335
7.12401055408971,10.026385224274406,-19.393139841688654,4.221635883905013,6.860158311345646,10.422163588390502,10.554089709762533,13.852242744063325,6.596306068601583,9.234828496042216
-21.596724667349026,-19.447287615148415,-37.05220061412487,-23.23439099283521,-22.41555783009212,-18.93551688843398,-19.140225179119756,-13.510747185261001,-22.62026612077789,-17.707267144319346
7.530454042081949,8.859357696566999,-26.910299003322258,5.647840531561462,8.194905869324474,8.637873754152823,11.074197120708748,14.61794019933555,8.194905869324474,9.966777408637874
-13.899253731343283,-14.458955223880595,-37.12686567164179,-12.406716417910447,-15.764925373134329,-14.458955223880595,-15.111940298507461,-8.395522388059701,-15.391791044776118,-10.44776119402985
-11.468646864686468,-11.881188118811881,-39.68646864686469,-11.221122112211221,-11.55115511551155,-12.293729372937294,-10.973597359735972,-7.343234323432343,-11.303630363036303,-12.871287128712872
-5.9459459459459465,-7.7992277992278,-40.772200772200776,-4.015444015444015,-6.409266409266409,-8.571428571428571,-7.876447876447877,-1.698841698841699,-6.177606177606178,-8.494208494208493
2.19435736677116,-0.54858934169279,-39.89028213166144,5.2507836990595615,1.489028213166144,-1.6457680250783697,-1.3322884012539185,6.347962382445141,1.8808777429467085,-1.7241379310344827
-11.56228492773572,-13.902271163110806,-47.21266345492086,-8.947006194081212,-12.18169304886442,-14.728148657949072,-15.072264280798347,-9.015829318651067,-11.906400550584996,-14.934618031658637
8.333333333333332,5.8558558558558556,-42.41741741741742,10.21021021021021,9.084084084084084,4.57957957957958,5.48048048048048,9.084084084084084,9.534534534534535,-0.15015015015015015
-4.80565371024735,-7.985865724381626,-45.79505300353357,-0.9893992932862191,-5.865724381625442,-8.975265017667844,-10.10600706713781,-4.522968197879859,-5.4416961130742045,-10.10600706713781
-9.974259974259974,-11.454311454311455,-50.64350064350064,-9.00900900900901,-8.944658944658945,-12.483912483912484,-12.162162162162163,-11.003861003861005,-8.880308880308881,-15.958815958815958
9.785714285714285,7.285714285714286,-45.214285714285715,11.571428571428571,11.0,5.857142857142858,6.2857142857142865,7.142857142857142,11.285714285714285,-1.7857142857142856
9.190031152647975,6.1526479750778815,-40.26479750778817,12.461059190031152,9.034267912772584,4.984423676012461,3.5046728971962615,6.386292834890965,9.345794392523365,1.791277258566978
0.7109004739336493,-0.5529225908372828,-39.41548183254344,1.7377567140600316,1.4218009478672986,-1.4218009478672986,-2.3696682464454977,-2.843601895734597,1.263823064770932,-3.7914691943127963
2.9629629629629632,2.3045267489711936,-36.8724279835391,3.0452674897119345,4.197530864197531,1.3991769547325104,1.1522633744855968,-1.3991769547325104,3.7860082304526745,-1.8930041152263373
-2.593192868719611,-2.99837925445705,-37.84440842787682,-2.674230145867099,-1.539708265802269,-3.727714748784441,-4.213938411669368,-6.807131280388978,-1.7828200972447326,-5.753646677471637
6.457242582897033,5.93368237347295,-33.07155322862129,6.369982547993019,7.678883071553229,5.148342059336824,5.148342059336824,1.7452006980802792,7.504363001745201,1.7452006980802792
18.25813221406086,19.097586568730325,-22.9800629590766,16.474291710388247,20.25183630640084,18.467995802728225,17.523609653725078,14.690451206715634,20.041972717733472,16.1594963273872
5.915178571428571,7.366071428571429,-26.339285714285715,4.464285714285714,6.361607142857142,7.366071428571429,5.580357142857143,3.125,5.803571428571429,5.580357142857143
