Average,CrossValidation,GA,NaiveBaggingRegression,ArBaggingRegression,ArmaBaggingRegression,ArimaBaggingRegression,EtsBaggingRegression,esn,NaiveGBM,ArGBM,ArmaGBM,ArimaGBM,EtsGBM,AverageGBM
6.3670411985,0.998751560549,0.998751560549,6.61672908864,18.22721598,14.606741573,10.2372034956,13.2334581773,-0.249687890137,2.3720349563,43.1960049938,40.5742821473,-8.11485642946,-8.73907615481,13.8576779026
20.7246376812,16.0869565217,16.0869565217,16.0869565217,26.3768115942,26.231884058,19.2753623188,20.0,13.1884057971,18.8405797101,66.231884058,41.3043478261,32.0289855072,5.94202898551,32.8985507246
2.5069637883,-3.89972144847,-3.89972144847,-3.89972144847,9.05292479109,9.33147632312,0.557103064067,4.45682451253,-3.76044568245,-33.286908078,8.91364902507,1.94986072423,7.79944289694,5.8495821727,-1.81058495822
34.6499102334,28.9048473968,28.9048473968,28.9048473968,44.7037701975,43.447037702,31.7773788151,36.0861759425,25.8527827648,30.7001795332,40.39497307,31.4183123878,38.9587073609,36.4452423698,35.5475763016
15.4425612053,4.89642184557,4.89642184557,4.89642184557,27.4952919021,28.0602636535,15.8192090395,18.8323917137,9.22787193974,-6.21468926554,13.9359698682,-1.12994350282,3.76647834275,-13.5593220339,-0.564971751412
3.57781753131,-5.00894454383,-5.00894454383,-5.00894454383,17.3524150268,16.457960644,4.83005366726,6.61896243292,-2.32558139535,-11.6279069767,-9.12343470483,-0.357781753131,-14.1323792487,-29.6958855098,-13.0590339893
19.5608782435,11.5768463074,11.5768463074,11.5768463074,35.3293413174,33.5329341317,20.9580838323,19.7604790419,14.7704590818,-0.59880239521,20.7584830339,37.3253493014,-2.59481037924,-1.79640718563,10.5788423154
4.77099236641,-4.3893129771,-4.3893129771,-4.3893129771,20.4198473282,19.6564885496,9.92366412214,5.72519083969,2.67175572519,-4.19847328244,9.92366412214,-5.72519083969,-9.16030534351,-17.3664122137,-5.34351145038
1.43112701252,-6.26118067979,-6.26118067979,-6.26118067979,16.1001788909,14.6690518784,4.6511627907,-0.178890876565,-0.536672629696,-7.51341681574,-1.78890876565,10.1967799642,-17.71019678,-10.7334525939,-5.54561717352
1.89003436426,-3.95189003436,-3.95189003436,-3.95189003436,16.323024055,14.7766323024,5.49828178694,-0.687285223368,1.20274914089,-14.4329896907,3.95189003436,-4.29553264605,-16.1512027491,-15.4639175258,-9.27835051546
7.13043478261,1.21739130435,1.21739130435,1.21739130435,20.8695652174,19.4782608696,10.7826086957,3.13043478261,6.26086956522,17.2173913043,11.4782608696,15.3043478261,-16.1739130435,-4.17391304348,4.69565217391
-2.52764612954,-9.16271721959,-9.16271721959,-9.16271721959,8.8467614534,7.89889415482,-0.631911532385,-6.63507109005,-3.47551342812,9.79462875197,-1.10584518167,4.73933649289,-8.05687203791,-12.9541864139,-1.57977883096
-13.4289439374,-17.4706649283,-17.4706649283,-17.4706649283,-4.04172099087,-5.34550195567,-13.2985658409,-18.6440677966,-14.0808344198,-20.4693611473,0.782268578879,-18.3833116037,-27.5097783572,-28.1616688396,-18.7744458931
15.7584683358,12.9602356406,12.9602356406,12.9602356406,24.1531664212,22.0913107511,13.5493372607,6.0382916053,15.3166421208,-7.80559646539,29.6023564065,37.1134020619,-9.86745213549,7.65832106038,11.3402061856
-12.0098039216,-16.7892156863,-16.7892156863,-16.7892156863,-5.39215686275,-5.51470588235,-13.3578431373,-17.7696078431,-12.7450980392,-32.3529411765,8.82352941176,-23.1617647059,-37.3774509804,-30.8823529412,-23.0392156863
32.0695102686,28.9099526066,28.9099526066,28.9099526066,39.336492891,37.2827804107,26.5402843602,21.6429699842,28.2780410742,29.541864139,81.2006319115,43.2859399684,43.9178515008,15.4818325434,42.654028436
-24.3333333333,-29.6666666667,-29.6666666667,-29.6666666667,-18.3333333333,-17.7777777778,-25.8888888889,-26.5555555556,-25.0,-32.2222222222,-14.1111111111,-20.3333333333,-29.7777777778,-46.0,-28.4444444444
11.3300492611,10.8374384236,10.8374384236,10.8374384236,16.8719211823,14.5320197044,4.67980295567,2.33990147783,7.14285714286,16.2561576355,39.4088669951,27.9556650246,15.763546798,7.51231527094,21.4285714286
-4.44697833523,-7.41163055872,-7.41163055872,-7.41163055872,0.228050171038,0.114025085519,-7.8677309008,-9.00798175599,-6.38540478905,-6.49942987457,30.7867730901,11.1744583808,3.87685290764,-16.6476624857,4.56100342075
2.16894977169,0.114155251142,0.114155251142,0.114155251142,6.16438356164,5.36529680365,-3.19634703196,-3.76712328767,-1.94063926941,-1.82648401826,43.3789954338,18.6073059361,7.30593607306,-0.342465753425,13.4703196347
-5.67226890756,-7.98319327731,-7.98319327731,-7.98319327731,-2.31092436975,-2.83613445378,-10.5042016807,-10.1890756303,-9.03361344538,-9.66386554622,31.9327731092,9.13865546218,-1.26050420168,-8.29831932773,4.41176470588
-23.9336492891,-24.8025276461,-24.8025276461,-24.8025276461,-21.8009478673,-22.3538704581,-27.8830963665,-28.1990521327,-27.5671406003,-26.7772511848,-15.7187993681,-7.26698262243,-4.2654028436,-31.990521327,-17.2195892575
-7.35183795949,-5.02625656414,-5.02625656414,-5.02625656414,-6.90172543136,-8.40210052513,-12.9782445611,-14.4786196549,-11.9279819955,-11.6279069767,-1.87546886722,-12.0780195049,-12.2280570143,-14.1035258815,-10.352588147
8.29909613804,9.53163516845,9.53163516845,9.53163516845,6.40920295809,5.91618734593,3.04026294166,0.821692686935,2.79375513558,-12.4075595727,13.3114215283,-10.7641741988,-17.2555464256,-8.54560394412,-7.14872637634
44.262295082,42.5058548009,42.5058548009,42.5058548009,40.7494145199,41.5690866511,36.1826697892,39.2271662763,36.7681498829,52.8103044496,30.2107728337,46.3700234192,41.9203747073,34.074941452,41.1007025761
-10.4901960784,-16.2745098039,-15.0,-16.2745098039,-10.5882352941,-8.62745098039,-14.3137254902,-7.25490196078,-15.0980392157,-19.6078431373,0.0980392156863,-4.3137254902,11.6666666667,-15.5882352941,-5.58823529412
50.4437869822,50.8875739645,50.8875739645,50.8875739645,54.5857988166,53.2544378698,41.124260355,52.2189349112,40.8284023669,44.9704142012,49.8520710059,92.1597633136,80.9171597633,69.2307692308,67.4556213018
33.3333333333,25.8845437616,25.8845437616,25.8845437616,43.3891992551,46.1824953445,33.8919925512,48.417132216,28.3054003724,2.79329608939,29.7951582868,36.312849162,31.6573556797,41.5270018622,28.4916201117
12.927756654,2.09125475285,2.09125475285,2.09125475285,25.2851711027,26.0456273764,9.31558935361,26.4258555133,5.13307984791,-7.79467680608,-2.66159695817,30.7984790875,-1.52091254753,-6.463878327,2.47148288973
1.07719928187,-5.56552962298,-5.56552962298,-5.56552962298,16.5170556553,15.7989228007,2.87253141831,12.7468581688,-4.30879712747,-11.3105924596,3.41113105925,5.56552962298,-11.4901256732,-6.10412926391,-3.94973070018
-2.16666666667,-7.16666666667,-7.16666666667,-7.16666666667,12.3333333333,11.0,1.66666666667,4.0,-5.33333333333,-17.0,-10.8333333333,-7.16666666667,-21.8333333333,-23.5,-16.0
28.3367556468,23.2032854209,23.2032854209,23.2032854209,45.5852156057,43.5318275154,35.9342915811,30.1848049281,24.8459958932,11.2936344969,31.6221765914,36.1396303901,-1.02669404517,-2.87474332649,14.9897330595
16.170212766,3.6170212766,3.6170212766,3.6170212766,31.4893617021,31.2765957447,24.6808510638,17.6595744681,14.2553191489,4.25531914894,-4.46808510638,0.425531914894,6.17021276596,4.68085106383,2.12765957447
-58.6850649351,-61.8506493506,-61.8506493506,-61.8506493506,-50.974025974,-51.461038961,-54.4642857143,-56.737012987,-58.6850649351,-59.9837662338,-59.0097402597,-62.4188311688,-65.9090909091,-61.6883116883,-61.7694805195
109.04159132,122.784810127,122.784810127,122.784810127,119.529837251,110.849909584,106.871609403,80.8318264014,98.9150090416,111.934900542,137.251356239,108.860759494,110.849909584,109.222423146,115.551537071
-3.988183161,-18.3161004431,-18.3161004431,-18.3161004431,-0.886262924668,3.69276218612,5.16986706056,-6.05612998523,-3.24963072378,-26.4401772526,-20.9748892171,-4.13589364845,14.3279172821,-15.3618906942,-10.4874446086
-12.8992628993,-16.8304668305,-16.8304668305,-16.8304668305,-5.28255528256,-6.38820638821,-12.8992628993,-15.3562653563,-15.601965602,-32.1867321867,-14.3734643735,-11.9164619165,-37.2235872236,-30.7125307125,-25.3071253071
32.4104234528,32.5732899023,32.5732899023,32.5732899023,43.32247557,41.2052117264,32.2475570033,27.8501628664,31.4332247557,33.5504885993,86.8078175896,51.6286644951,26.0586319218,19.0553745928,43.4853420195
-38.9502762431,-43.4622467772,-43.4622467772,-43.4622467772,-33.7016574586,-33.1491712707,-38.02946593,-39.3186003683,-40.6077348066,-52.1178637201,-36.4640883978,-40.2394106814,-41.8047882136,-49.2633517495,-44.014732965
6.83417085427,9.14572864322,9.14572864322,9.14572864322,10.351758794,7.33668341709,-1.20603015075,-2.61306532663,1.80904522613,8.6432160804,18.4924623116,12.2613065327,20.4020100503,10.351758794,14.0703517588
11.6071428571,11.0491071429,11.3839285714,11.0491071429,14.3973214286,14.3973214286,8.92857142857,5.69196428571,8.70535714286,31.0267857143,28.6830357143,44.9776785714,36.4955357143,18.75,32.03125
-18.1255526083,-20.7780725022,-20.3359858532,-20.7780725022,-16.3572060124,-16.0035366932,-22.0159151194,-21.308576481,-21.8390804598,-23.9610963749,-5.74712643678,-13.7046861185,7.16180371353,-23.8726790451,-12.0247568523
27.2108843537,28.231292517,27.7777777778,28.231292517,28.5714285714,26.8707482993,17.6870748299,18.4807256236,20.6349206349,35.8276643991,30.4988662132,40.1360544218,52.947845805,-5.55555555556,30.7256235828
-16.2385321101,-19.0825688073,-18.4403669725,-19.0825688073,-14.128440367,-13.2110091743,-19.3577981651,-16.6055045872,-19.5412844037,-21.1009174312,-1.65137614679,-10.4587155963,-13.7614678899,-21.0091743119,-13.5779816514
1.97740112994,2.63653483992,2.35404896422,2.63653483992,3.76647834275,2.54237288136,-5.55555555556,-1.60075329567,-4.14312617702,-3.0131826742,11.0169491525,11.6760828625,9.79284369115,3.76647834275,6.68549905838
18.8195991091,18.2628062361,18.4855233853,18.2628062361,20.2672605791,20.1559020045,12.3608017817,15.70155902,13.2516703786,20.3786191537,46.7706013363,32.0712694878,33.4075723831,22.7171492205,31.0690423163
-22.0920502092,-24.8535564854,-24.1841004184,-24.8535564854,-20.5857740586,-19.9163179916,-25.1046025105,-21.3389121339,-26.5271966527,-21.0041841004,5.10460251046,-18.3263598326,-4.68619246862,-27.949790795,-13.3891213389
35.4385964912,39.7660818713,38.7134502924,39.7660818713,38.7134502924,36.6081871345,28.1871345029,32.1637426901,27.6023391813,27.485380117,47.485380117,44.3274853801,36.1403508772,34.269005848,37.8947368421
46.7637540453,38.3495145631,40.4530744337,38.3495145631,48.0582524272,50.6472491909,41.9093851133,49.8381877023,40.2912621359,10.0323624595,97.572815534,75.0809061489,84.3042071197,39.3203883495,61.3268608414
-19.1438763377,-26.5160523187,-24.6135552913,-26.5160523187,-13.6741973841,-12.3662306778,-21.8787158145,-12.2473246136,-23.9001189061,-38.1688466112,-11.1771700357,-14.744351962,-7.96670630202,-42.2116527943,-22.8299643282
-1.31108462455,0.238379022646,-0.953516090584,0.238379022646,7.86650774732,5.84028605483,-4.05244338498,2.62216924911,-7.03218116806,-2.26460071514,36.7103694875,2.97973778308,-27.0560190703,-12.8724672229,-0.476758045292
21.9197707736,20.2005730659,20.4871060172,20.2005730659,29.3696275072,28.5100286533,21.6332378223,22.6361031519,16.1891117479,17.4785100287,64.3266475645,39.6848137536,18.4813753582,17.1919770774,31.3753581662
49.8997995992,39.879759519,45.0901803607,39.879759519,58.3166332665,58.9178356713,49.6993987976,52.3046092184,42.6853707415,45.8917835671,77.9559118236,25.6513026052,56.1122244489,52.3046092184,51.503006012
-32.8068043742,-39.3681652491,-37.6670716889,-39.3681652491,-23.3292831106,-22.6002430134,-30.1336573512,-26.0024301337,-35.1154313487,-46.1725394897,-39.489671932,-39.9756986634,-45.9295261239,-41.4337788578,-42.6488456865
28.0898876404,32.1027287319,28.5714285714,32.1027287319,43.0176565008,39.165329053,31.7817014446,28.2504012841,22.632423756,31.621187801,84.1091492777,49.4382022472,-17.9775280899,17.3354735152,32.9052969502
-1.16788321168,-9.05109489051,-5.25547445255,-9.05109489051,6.56934306569,7.29927007299,3.94160583942,-0.583941605839,-3.6496350365,-24.0875912409,0.729927007299,-8.61313868613,12.9927007299,-29.0510948905,-9.63503649635
-14.3373493976,-17.4698795181,-16.7469879518,-17.4698795181,-6.02409638554,-6.98795180723,-12.4096385542,-14.8192771084,-17.2289156627,-33.4939759036,-16.0240963855,-13.6144578313,-6.74698795181,-32.0481927711,-20.3614457831
23.5649546828,25.3776435045,21.752265861,25.3776435045,35.3474320242,33.2326283988,27.3413897281,19.9395770393,21.752265861,23.8670694864,73.2628398792,40.6344410876,-7.55287009063,10.4229607251,28.0966767372
1.72661870504,-4.74820143885,-2.15827338129,-4.74820143885,9.64028776978,10.071942446,4.02877697842,0.575539568345,0.143884892086,-17.6978417266,11.2230215827,-3.02158273381,11.3669064748,-18.8489208633,-3.45323741007
-5.45454545455,-9.74025974026,-7.92207792208,-9.74025974026,2.33766233766,1.55844155844,-7.53246753247,-7.66233766234,-8.18181818182,-37.7922077922,-9.48051948052,-12.4675324675,-20.5194805195,-26.7532467532,-21.4285714286
21.9589257504,21.6429699842,18.9573459716,21.6429699842,33.9652448657,32.5434439179,23.5387045814,19.747235387,20.2211690363,-1.10584518167,26.0663507109,30.6477093207,-19.2733017378,37.2827804107,14.691943128
-1.03244837758,-6.63716814159,-5.30973451327,-6.63716814159,8.99705014749,9.29203539823,-1.03244837758,-0.737463126844,-1.91740412979,-10.0294985251,1.76991150442,-4.27728613569,-6.78466076696,-28.3185840708,-9.58702064897
-6.92810457516,-11.3725490196,-9.15032679739,-11.3725490196,1.30718954248,0.261437908497,-10.5882352941,-9.01960784314,-9.41176470588,-27.8431372549,-8.88888888889,-6.27450980392,-20.0,-26.2745098039,-17.908496732
34.554973822,33.5078534031,29.4938917976,33.5078534031,47.294938918,45.3752181501,32.4607329843,31.2390924956,32.1116928447,9.24956369983,39.2670157068,27.7486910995,35.0785340314,51.6579406632,32.6352530541
29.6907216495,18.1443298969,25.1546391753,18.1443298969,42.4742268041,43.2989690722,27.6288659794,29.6907216495,28.6597938144,43.2989690722,10.3092783505,8.24742268041,17.1134020619,2.0618556701,16.2886597938
-29.4270833333,-36.8489583333,-33.203125,-36.8489583333,-19.140625,-19.4010416667,-33.3333333333,-26.3020833333,-30.3385416667,-36.1979166667,-34.2447916667,-36.0677083333,-37.2395833333,-42.96875,-37.3697916667
27.2268907563,29.0756302521,22.8571428571,29.0756302521,42.3529411765,38.6554621849,24.0336134454,22.1848739496,24.2016806723,5.21008403361,34.1176470588,5.3781512605,-14.1176470588,46.0504201681,15.2941176471
5.16666666667,-0.833333333333,-0.833333333333,-0.833333333333,18.1666666667,18.5,5.33333333333,5.5,6.33333333333,-9.66666666667,0.833333333333,-12.5,-13.6666666667,3.66666666667,-6.33333333333
-4.04797601199,-10.0449775112,-6.74662668666,-10.0449775112,6.89655172414,5.99700149925,-8.09595202399,-6.59670164918,-5.39730134933,-18.7406296852,-6.14692653673,-0.599700149925,-5.24737631184,-25.7871064468,-11.2443778111
29.3785310734,25.6120527307,24.8587570621,25.6120527307,44.2561205273,42.3728813559,25.6120527307,25.6120527307,28.2485875706,7.72128060264,31.2617702448,22.2222222222,26.3653483992,-8.47457627119,15.8192090395
2.52252252252,-4.32432432432,-4.68468468468,-4.32432432432,18.3783783784,18.5585585586,3.6036036036,3.96396396396,4.32432432432,-10.990990991,3.78378378378,10.990990991,-16.7567567568,-11.7117117117,-4.86486486486
10.0558659218,3.35195530726,5.21415270019,3.35195530726,25.8845437616,24.5810055866,5.21415270019,9.12476722533,9.8696461825,-7.2625698324,-5.40037243948,14.7113594041,-2.23463687151,2.04841713222,0.372439478585
-20.3319502075,-25.7261410788,-24.0663900415,-25.7261410788,-8.57538035961,-9.40525587828,-22.8215767635,-21.9917012448,-20.6085753804,-32.918395574,-20.3319502075,-31.673582296,-33.3333333333,-45.643153527,-32.7800829876
42.1782178218,43.1683168317,36.4356435644,43.1683168317,60.396039604,57.0297029703,39.4059405941,35.4455445545,41.5841584158,44.1584158416,54.8514851485,33.4653465347,12.4752475248,15.8415841584,32.0792079208
-0.177619893428,-10.3019538188,-5.32859680284,-10.3019538188,12.9662522202,13.8543516874,-1.59857904085,-1.95381882771,1.59857904085,-13.4991119005,3.37477797513,-12.2557726465,-14.3872113677,-7.10479573712,-8.70337477798
16.1165048544,9.32038834951,11.6504854369,9.32038834951,32.427184466,30.6796116505,11.8446601942,12.0388349515,15.145631068,-3.30097087379,3.88349514563,24.4660194175,6.99029126214,-4.46601941748,5.43689320388
19.4748358862,12.6914660832,10.9409190372,12.6914660832,40.7002188184,39.8249452954,18.3807439825,19.0371991247,21.8818380744,-4.37636761488,6.34573304158,3.28227571116,-0.875273522976,5.4704595186,1.9693654267
-3.1067961165,-11.2621359223,-10.4854368932,-11.2621359223,15.9223300971,14.9514563107,-5.2427184466,-3.49514563107,-1.35922330097,-2.33009708738,-6.60194174757,-4.46601941748,-17.0873786408,-11.8446601942,-8.54368932039
-6.61016949153,-12.7118644068,-10.8474576271,-12.7118644068,8.98305084746,7.1186440678,-8.30508474576,-10.5084745763,-6.4406779661,-25.9322033898,-17.6271186441,-16.7796610169,-22.7118644068,-26.6101694915,-21.8644067797
10.1449275362,6.88405797101,4.34782608696,6.88405797101,27.3550724638,25.1811594203,8.8768115942,4.16666666667,10.3260869565,8.8768115942,9.60144927536,5.25362318841,-8.69565217391,-0.18115942029,2.89855072464
4.66786355476,-0.897666068223,-1.97486535009,-0.897666068223,20.6463195691,19.5691202873,4.30879712747,-0.359066427289,6.4631956912,-10.592459605,-1.43626570916,15.0807899461,-18.1328545781,-11.6696588869,-5.38599640934
18.0555555556,10.5158730159,13.4920634921,10.5158730159,34.126984127,32.7380952381,14.2857142857,11.7063492063,18.0555555556,-1.19047619048,0.793650793651,27.1825396825,2.77777777778,-2.38095238095,5.35714285714
23.8636363636,14.5454545455,16.3636363636,14.5454545455,44.0909090909,42.9545454545,21.5909090909,19.5454545455,25.9090909091,4.54545454545,32.2727272727,7.27272727273,6.59090909091,17.9545454545,13.6363636364
-23.0769230769,-29.4871794872,-29.6474358974,-29.4871794872,-6.73076923077,-7.37179487179,-24.1987179487,-22.9166666667,-20.8333333333,-33.3333333333,-25.1602564103,-25.641025641,-38.9423076923,-35.7371794872,-31.7307692308
12.1693121693,10.0529100529,7.76014109347,10.0529100529,28.5714285714,25.3968253968,6.87830687831,4.58553791887,11.2874779541,-8.28924162257,21.6931216931,21.3403880071,-2.82186948854,-12.6984126984,3.88007054674
36.2612612613,27.7027027027,30.8558558559,27.7027027027,53.8288288288,52.7027027027,32.4324324324,27.4774774775,37.6126126126,56.5315315315,20.4954954955,30.8558558559,24.0990990991,3.37837837838,27.027027027
-12.43339254,-21.1367673179,-18.8277087034,-21.1367673179,3.73001776199,3.73001776199,-13.4991119005,-14.7424511545,-10.3019538188,-17.2291296625,-17.0515097691,-3.37477797513,-19.5381882771,-20.4262877442,-15.4529307282
20.0,16.0824742268,13.6082474227,16.0824742268,40.0,37.3195876289,15.0515463918,13.8144329897,20.206185567,2.68041237113,10.3092783505,21.2371134021,-0.412371134021,1.03092783505,7.01030927835
15.7205240175,5.89519650655,8.9519650655,5.89519650655,34.7161572052,33.8427947598,11.5720524017,10.0436681223,17.2489082969,6.98689956332,10.2620087336,10.480349345,7.64192139738,0.0,6.98689956332
-12.2164048866,-20.0698080279,-17.4520069808,-20.0698080279,3.83944153578,2.79232111693,-16.404886562,-16.0558464223,-10.9947643979,-15.5322862129,-16.0558464223,-5.06108202443,-12.0418848168,-21.6404886562,-14.1361256545
10.147601476,5.71955719557,5.35055350554,5.71955719557,26.7527675277,24.1697416974,4.42804428044,1.84501845018,9.77859778598,28.2287822878,-1.29151291513,13.6531365314,-11.0701107011,-9.22509225092,4.05904059041
16.7676767677,9.49494949495,10.9090909091,9.49494949495,33.5353535354,32.3232323232,12.5252525253,8.48484848485,17.9797979798,7.47474747475,3.43434343434,18.7878787879,1.81818181818,0.606060606061,6.46464646465
32.1078431373,21.3235294118,25.0,21.3235294118,52.6960784314,51.7156862745,25.9803921569,25.4901960784,32.8431372549,8.57843137255,37.9901960784,20.3431372549,12.7450980392,31.862745098,22.3039215686
-16.2062615101,-24.861878453,-23.7569060773,-24.861878453,1.84162062615,1.47329650092,-18.6003683241,-17.3112338858,-13.6279926335,-20.6261510129,-18.9686924494,-5.52486187845,-20.9944751381,-16.5745856354,-16.5745856354
3.71747211896,0.92936802974,-0.743494423792,0.92936802974,22.8624535316,20.0743494424,0.185873605948,-1.48698884758,3.53159851301,-11.3382899628,-4.83271375465,-12.2676579926,-11.5241635688,-10.4089219331,-10.0371747212
40.1960784314,31.862745098,33.5784313725,31.862745098,61.0294117647,59.068627451,33.8235294118,30.3921568627,40.6862745098,30.3921568627,41.1764705882,10.5392156863,23.5294117647,28.1862745098,26.7156862745
-36.7486338798,-44.262295082,-41.9398907104,-44.262295082,-24.5901639344,-24.5901639344,-39.0710382514,-38.2513661202,-35.1092896175,-41.1202185792,-39.8907103825,-35.7923497268,-39.8907103825,-38.1147540984,-38.9344262295
71.186440678,77.2397094431,69.9757869249,77.2397094431,96.6101694915,90.3147699758,65.3753026634,56.9007263923,63.4382566586,76.2711864407,89.3462469734,73.607748184,34.6246973366,17.6755447942,58.3535108959
-31.25,-41.3352272727,-37.5,-41.3352272727,-21.0227272727,-19.6022727273,-32.1022727273,-32.6704545455,-28.9772727273,-34.8011363636,-31.1079545455,-33.8068181818,-28.4090909091,-43.0397727273,-34.2329545455
43.237704918,44.262295082,41.393442623,44.262295082,61.8852459016,57.1721311475,35.0409836066,31.9672131148,35.2459016393,49.1803278689,81.9672131148,32.9918032787,12.5,12.9098360656,37.9098360656
13.2505175983,1.03519668737,5.17598343685,1.03519668737,27.5362318841,28.364389234,9.31677018634,8.28157349896,18.8405797101,19.4616977226,4.55486542443,-2.27743271222,-4.7619047619,-18.6335403727,-0.414078674948
-7.39436619718,-14.9647887324,-13.2042253521,-14.9647887324,7.74647887324,6.69014084507,-13.7323943662,-10.5633802817,-6.8661971831,-23.7676056338,-11.0915492958,-5.28169014085,-16.1971830986,-11.7957746479,-13.5563380282
-26.6500622665,-29.2652552927,-29.6388542964,-29.2652552927,-15.3175591532,-16.9364881694,-30.7596513076,-30.3860523039,-27.0236612702,-13.4495641345,-33.3748443337,-23.2876712329,-37.8580323786,-38.9788293898,-29.3897882939
76.1589403974,77.2626931567,74.6136865342,77.2626931567,91.6114790287,86.9757174393,66.2251655629,59.6026490066,71.0816777042,81.0154525386,171.081677704,82.5607064018,50.3311258278,91.8322295806,95.3642384106
-22.3357664234,-33.8686131387,-28.3211678832,-33.8686131387,-14.3065693431,-12.4087591241,-25.5474452555,-24.6715328467,-18.9781021898,-34.3065693431,-29.7810218978,-31.0948905109,-28.7591240876,-24.2335766423,-29.6350364964
-21.5935334873,-20.9006928406,-25.9815242494,-20.9006928406,-10.623556582,-12.817551963,-25.2886836028,-25.2886836028,-23.9030023095,-36.2586605081,-19.5150115473,-27.7136258661,-40.0692840647,-43.8799076212,-33.4872979215
47.4245115453,53.8188277087,40.1420959147,53.8188277087,63.2326820604,60.0355239787,44.404973357,38.5435168739,44.5825932504,20.7815275311,81.3499111901,61.1012433393,37.4777975133,29.8401420959,46.1811722913
19.8841698842,8.68725868726,16.0231660232,8.68725868726,30.3088803089,32.6254826255,16.6023166023,17.9536679537,19.4980694981,-3.861003861,3.28185328185,1.35135135135,-6.75675675676,-0.19305019305,-1.1583011583
-20.6460674157,-27.2471910112,-24.0168539326,-27.2471910112,-10.2528089888,-10.5337078652,-26.9662921348,-19.8033707865,-20.5056179775,-28.5112359551,-31.7415730337,-36.6573033708,-29.2134831461,-44.8033707865,-34.1292134831
5.11278195489,7.06766917293,-1.8045112782,7.06766917293,19.5488721805,16.992481203,2.25563909774,1.65413533835,1.65413533835,9.47368421053,33.5338345865,7.81954887218,-27.3684210526,-2.70676691729,4.21052631579
17.4957118353,14.0651801029,12.3499142367,14.0651801029,29.845626072,29.1595197256,12.8644939966,13.3790737564,17.667238422,-1.88679245283,32.590051458,1.54373927959,-4.63121783877,10.9777015437,7.71869639794
54.4554455446,44.3069306931,50.0,44.3069306931,71.2871287129,71.0396039604,47.2772277228,51.2376237624,53.9603960396,66.8316831683,32.4257425743,70.297029703,37.6237623762,27.9702970297,47.0297029703
5.70776255708,-7.76255707763,-0.456621004566,-7.76255707763,24.8858447489,26.0273972603,2.96803652968,11.4155251142,6.16438356164,-1.59817351598,2.7397260274,7.30593607306,-2.7397260274,-8.21917808219,-0.456621004566
-20.9380234506,-26.6331658291,-26.6331658291,-26.6331658291,-3.6850921273,-5.19262981575,-23.1155778894,-18.5929648241,-19.932998325,-15.4103852596,-19.5979899497,-21.2730318258,-28.1407035176,-28.6432160804,-22.6130653266
-20.3728362184,-20.5059920107,-25.8322237017,-20.5059920107,-6.39147802929,-8.78828229028,-23.1691078562,-23.4354194407,-18.9081225033,-27.8295605859,-19.4407456724,-14.6471371505,-48.069241012,-30.3595206391,-28.0958721704
58.4033613445,57.7731092437,54.2016806723,57.7731092437,73.5294117647,70.1680672269,54.6218487395,42.8571428571,58.6134453782,52.9411764706,64.2857142857,31.7226890756,62.6050420168,82.5630252101,58.8235294118
28.9099526066,12.7962085308,24.4075829384,12.7962085308,43.36492891,45.7345971564,26.3033175355,26.7772511848,30.0947867299,15.4028436019,13.5071090047,11.8483412322,24.4075829384,27.4881516588,18.4834123223
4.18502202643,-7.04845814978,-0.660792951542,-7.04845814978,23.7885462555,23.3480176211,0.881057268722,5.94713656388,4.62555066079,-5.06607929515,-3.08370044053,3.52422907489,-5.94713656388,-1.32158590308,-2.42290748899
1.72413793103,-2.15517241379,-7.97413793103,-2.15517241379,26.5086206897,24.5689655172,2.80172413793,3.66379310345,5.81896551724,-3.01724137931,0.646551724138,7.11206896552,-7.54310344828,-17.4568965517,-4.09482758621
-1.78926441352,-7.75347912525,-6.95825049702,-7.75347912525,18.2902584493,16.6998011928,-3.57852882704,-3.97614314115,0.397614314115,-1.98807157058,-7.15705765408,1.98807157058,-15.3081510934,-10.7355864811,-6.5606361829
-4.52079566004,-9.04159132007,-8.49909584087,-9.04159132007,13.2007233273,11.5732368897,-7.23327305606,-9.22242314647,-3.79746835443,-16.8173598553,-8.67992766727,-10.8499095841,-10.8499095841,-4.15913200723,-10.3074141049
10.3053435115,5.53435114504,6.67938931298,5.53435114504,27.2900763359,25.1908396947,7.82442748092,2.48091603053,11.641221374,-4.96183206107,9.92366412214,-9.92366412214,-8.01526717557,-6.48854961832,-3.81679389313
5.75815738964,0.575815738964,1.15163147793,0.575815738964,23.4165067179,22.4568138196,3.64683301344,0.767754318618,7.10172744722,-0.767754318618,11.7082533589,13.2437619962,-11.7082533589,-4.60652591171,1.53550863724
29.8368298368,21.4452214452,25.1748251748,21.4452214452,49.4172494172,47.7855477855,24.4755244755,22.1445221445,31.4685314685,14.4522144522,4.662004662,14.4522144522,12.3543123543,16.317016317,12.3543123543
-3.21285140562,-13.8554216867,-8.03212851406,-13.8554216867,13.8554216867,13.453815261,-7.63052208835,-6.02409638554,6.42570281124,-9.63855421687,-11.6465863454,-5.62248995984,-4.41767068273,8.03212851406,-4.61847389558
-24.8939179632,-29.5615275813,-28.1471004243,-29.5615275813,-12.0226308345,-13.5785007072,-29.1371994342,-29.5615275813,-23.9038189533,-37.3408769448,-23.9038189533,-27.4398868458,-42.9985855728,-35.2192362093,-33.3804809052
29.9029126214,37.2815533981,21.7475728155,37.2815533981,53.3980582524,49.5145631068,28.932038835,22.3300970874,16.8932038835,41.359223301,35.3398058252,21.5533980583,7.96116504854,-3.30097087379,20.5825242718
-15.8705701079,-20.6471494607,-21.2634822804,-20.6471494607,-2.0030816641,-1.38674884438,-15.8705701079,-17.5654853621,-12.0184899846,-32.6656394453,-13.251155624,-30.5084745763,-31.8952234206,-39.4453004622,-29.5839753467
-1.33136094675,-3.99408284024,-3.84615384615,-3.99408284024,10.0591715976,7.98816568047,-8.87573964497,-9.31952662722,-2.66272189349,-14.0532544379,2.07100591716,-22.3372781065,-24.4082840237,-18.4911242604,-15.3846153846
-22.1453287197,-22.029988466,-25.1441753172,-22.029988466,-11.6493656286,-12.6874279123,-24.3367935409,-26.4129181084,-21.2226066897,-36.3321799308,-26.8742791234,-27.7970011534,-40.1384083045,-43.9446366782,-35.0634371396
66.8699186992,76.2195121951,58.5365853659,76.2195121951,86.5853658537,83.3333333333,63.6178861789,56.5040650407,42.8861788618,38.2113821138,133.130081301,98.1707317073,49.593495935,11.9918699187,66.2601626016
-9.81996726678,-19.4762684124,-11.620294599,-19.4762684124,1.14566284779,3.7643207856,-12.6022913257,-6.71031096563,2.61865793781,-13.5842880524,-28.3142389525,-8.18330605565,-19.3126022913,-6.21931260229,-15.0572831424
-25.2336448598,-28.6214953271,-26.6355140187,-28.6214953271,-16.7056074766,-17.9906542056,-32.476635514,-28.1542056075,-25.7009345794,-39.2523364486,-37.5,-19.6261682243,-21.6121495327,-27.3364485981,-29.0887850467
-12.9347826087,-6.95652173913,-19.347826087,-6.95652173913,-1.08695652174,-3.36956521739,-14.347826087,-17.6086956522,-22.9347826087,-26.0869565217,24.6739130435,5.97826086957,-33.4782608696,-29.6739130435,-11.7391304348
24.1144414169,25.340599455,23.0245231608,25.340599455,30.9264305177,29.7002724796,17.5749318801,14.0326975477,23.0245231608,21.5258855586,71.1171662125,47.4114441417,0.272479564033,17.3024523161,31.4713896458
-10.1311084625,-12.5148986889,-11.2038140644,-12.5148986889,-3.21811680572,-2.38379022646,-13.1108462455,-11.6805721097,-10.0119189511,-13.2300357569,5.84028605483,-25.2681764005,-15.7330154946,3.57568533969,-8.93921334923
-13.6734693878,-14.387755102,-14.4897959184,-14.387755102,-8.57142857143,-9.48979591837,-19.2857142857,-17.9591836735,-16.1224489796,-16.3265306122,25.306122449,-7.44897959184,-24.8979591837,-25.4081632653,-9.79591836735
26.7365661861,28.4403669725,25.2948885976,28.4403669725,32.372214941,30.6684141547,19.6592398427,17.9554390564,24.377457405,53.8663171691,31.9790301442,53.8663171691,40.2359108781,48.8859764089,45.7404980341
-15.8918918919,-17.5135135135,-16.8648648649,-17.5135135135,-9.62162162162,-8.64864864865,-17.9459459459,-14.4864864865,-16.7567567568,-32.3243243243,-15.4594594595,-10.5945945946,-24.972972973,-20.972972973,-20.8648648649
11.7224880383,10.6459330144,11.8421052632,10.6459330144,15.5502392344,14.1148325359,2.75119617225,5.02392344498,7.05741626794,6.6985645933,50.2392344498,29.4258373206,25.8373205742,2.99043062201,23.0861244019
-20.1166180758,-18.7560738581,-21.6715257532,-18.7560738581,-13.0223517979,-12.925170068,-20.5053449951,-18.3673469388,-20.7968901846,-20.3109815355,19.3391642371,-9.52380952381,-40.5247813411,-20.5053449951,-14.2857142857
-5.05050505051,-5.50964187328,-5.05050505051,-5.50964187328,-3.67309458219,-4.8668503214,-12.3966942149,-12.9476584022,-10.0091827365,-10.0091827365,5.8769513315,0.826446280992,2.0202020202,5.05050505051,0.734618916437
0.0931098696462,1.39664804469,0.372439478585,1.39664804469,2.23463687151,1.58286778399,-4.37616387337,-5.21415270019,-3.44506517691,0.651769087523,22.7188081937,7.35567970205,3.44506517691,-6.70391061453,5.49348230912
30.2325581395,31.4565483476,30.9669522644,31.4565483476,32.9253365973,32.8029375765,25.5813953488,25.3365973072,25.0917992656,32.3133414933,23.9902080783,38.6780905753,42.7172582619,34.8837209302,34.5165238678
-10.5995717345,-12.5267665953,-9.85010706638,-12.5267665953,-5.67451820128,-4.28265524625,-11.0278372591,-4.60385438972,-9.85010706638,-12.2055674518,-14.5610278373,-0.321199143469,-2.4625267666,-7.81584582441,-7.49464668094
-5.1567239636,-5.56117290192,-4.85338725986,-5.56117290192,-1.51668351871,-2.32558139535,-10.111223458,-5.46006066734,-10.3134479272,-6.26895854398,8.39231547017,9.40343781598,22.5480283114,-12.9423660263,4.24671385238
13.785046729,15.5373831776,12.9672897196,15.5373831776,18.9252336449,18.2242990654,9.92990654206,12.9672897196,7.59345794393,37.1495327103,24.7663551402,37.1495327103,33.0607476636,0.584112149533,26.5186915888
37.7419354839,38.064516129,37.2580645161,38.064516129,47.0967741935,47.9032258065,38.2258064516,44.8387096774,37.5806451613,9.67741935484,85.0,46.2903225806,56.7741935484,38.8709677419,47.2580645161
28.5714285714,19.6911196911,30.888030888,19.6911196911,39.5752895753,41.6988416988,27.7992277992,42.277992278,36.6795366795,0.3861003861,3.28185328185,32.8185328185,-6.75675675676,67.7606177606,19.4980694981
-37.5690607735,-42.7624309392,-33.2596685083,-42.7624309392,-29.1712707182,-28.9502762431,-38.3425414365,-28.8397790055,-33.4806629834,-43.7569060773,-50.6077348066,-48.8397790055,-48.1767955801,-39.1160220994,-46.0773480663
21.4285714286,24.3131868132,15.3846153846,24.3131868132,30.7692307692,26.9230769231,16.3461538462,15.9340659341,10.3021978022,29.6703296703,40.2472527473,42.7197802198,46.978021978,0.412087912088,32.0054945055
42.5,40.0,43.4615384615,40.0,55.7692307692,56.5384615385,49.0384615385,46.1538461538,42.6923076923,40.0,34.0384615385,29.6153846154,33.4615384615,67.1153846154,40.7692307692
3.61010830325,-6.13718411552,11.3718411552,-6.13718411552,16.0649819495,17.5090252708,6.67870036101,13.357400722,11.7328519856,-8.12274368231,-19.3140794224,-12.6353790614,-14.440433213,-0.541516245487,-11.0108303249
28.3516483516,21.7582417582,29.2307692308,21.7582417582,47.4725274725,45.9340659341,31.2087912088,34.2857142857,31.2087912088,9.45054945055,-1.31868131868,3.73626373626,15.3846153846,13.6263736264,8.13186813187
10.5617977528,2.24719101124,12.1348314607,2.24719101124,32.808988764,32.5842696629,18.4269662921,23.1460674157,19.7752808989,1.12359550562,10.3370786517,-4.94382022472,-4.26966292135,8.31460674157,2.02247191011
-9.26275992439,-15.8790170132,-11.1531190926,-15.8790170132,10.2079395085,9.07372400756,-5.29300567108,-3.02457466919,-4.15879017013,-11.9092627599,-18.5255198488,-10.2079395085,-19.2816635161,-16.2570888469,-15.3119092628
-19.2419825073,-22.8862973761,-21.4285714286,-22.8862973761,-5.10204081633,-6.9970845481,-18.9504373178,-20.1166180758,-20.1166180758,-27.9883381924,-34.8396501458,-29.4460641399,-24.3440233236,-36.2973760933,-30.612244898
22.9276895944,20.987654321,21.3403880071,20.987654321,37.037037037,34.0388007055,22.0458553792,12.3456790123,24.1622574956,-15.5202821869,11.8165784832,10.405643739,-9.87654320988,-0.529100529101,-0.705467372134
-9.11901081917,-12.3647604328,-10.9737248841,-12.3647604328,5.25502318393,5.25502318393,-5.71870170015,-9.89180834621,-6.4914992272,7.41885625966,-24.8840803709,-30.2936630603,-19.9381761978,-29.057187017,-19.3199381762
0.763358778626,-1.2213740458,-0.763358778626,-1.2213740458,13.7404580153,12.3664122137,0.152671755725,-4.58015267176,1.8320610687,-11.2977099237,-7.63358778626,-19.8473282443,-3.51145038168,-25.8015267176,-13.5877862595
-11.1416781293,-9.90371389271,-14.9931224209,-9.90371389271,3.43878954608,2.47592847318,-8.66574965612,-12.6547455296,-7.70288858322,-20.0825309491,-11.8294360385,-33.8376891334,-26.8225584594,-33.1499312242,-25.1719394773
1.3698630137,-0.41095890411,0.684931506849,-0.41095890411,10.9589041096,9.58904109589,-2.46575342466,-6.16438356164,1.91780821918,-0.27397260274,-4.52054794521,-3.01369863014,-3.15068493151,19.0410958904,1.64383561644
-3.28515111695,-4.07358738502,-4.33639947438,-4.07358738502,6.70170827858,5.91327201051,-6.70170827858,-8.27858081472,-1.83968462549,-4.33639947438,-8.4099868594,-6.96452036794,1.70827858081,14.1918528252,-0.788436268068
-5.30209617756,-6.16522811344,-6.16522811344,-6.16522811344,3.20591861899,2.34278668311,-8.50801479655,-10.2342786683,-4.93218249075,-22.8113440197,-3.5758323058,-9.74106041924,-12.823674476,7.15166461159,-8.38471023428
8.40108401084,9.89159891599,6.77506775068,9.89159891599,18.8346883469,17.7506775068,5.69105691057,3.65853658537,9.75609756098,11.1111111111,1.49051490515,26.1517615176,-17.0731707317,-0.948509485095,4.20054200542
-9.65770171149,-9.77995110024,-10.880195599,-9.77995110024,0.122249388753,0.0,-11.4914425428,-10.2689486553,-8.80195599022,-11.0024449878,8.55745721271,-17.6039119804,-5.37897310513,6.23471882641,-3.78973105134
9.55585464334,10.0942126514,9.55585464334,10.0942126514,18.8425302826,17.4966352624,3.90309555855,5.78734858681,8.61372812921,10.3633916555,5.24899057873,25.3028263795,22.6110363392,-1.61507402423,12.3822341857
-6.65829145729,-6.65829145729,-7.0351758794,-6.65829145729,3.39195979899,3.26633165829,-8.66834170854,-6.40703517588,-4.39698492462,-8.54271356784,-12.4371859296,-15.3266331658,-2.76381909548,-8.16582914573,-9.42211055276
16.1054172767,16.5446559297,15.9590043924,16.5446559297,26.6471449488,25.4758418741,10.980966325,13.9092240117,15.5197657394,20.0585651537,14.494875549,21.0834553441,33.3821376281,7.02781844802,19.1800878477
-1.6973125884,-3.3946251768,-2.5459688826,-3.3946251768,9.61810466761,9.75954738331,-2.828854314,1.1315417256,0.848656294201,-21.9236209335,-10.3253182461,-31.9660537482,-5.09193776521,7.49646393211,-12.3055162659
-20.5494505495,-22.3076923077,-20.6593406593,-22.3076923077,-12.7472527473,-13.5164835165,-24.1758241758,-20.989010989,-21.5384615385,-20.0,-15.0549450549,-21.2087912088,-22.3076923077,-16.4835164835,-19.010989011
10.7458912769,15.0442477876,7.71175726928,15.0442477876,20.8596713021,18.7104930468,7.71175726928,4.80404551201,8.09102402023,19.3426042984,45.0063211125,42.3514538559,18.8369152971,10.3666245259,27.180783818
78.6697247706,81.4220183486,77.5229357798,81.4220183486,97.4770642202,97.7064220183,82.5688073394,81.1926605505,82.3394495413,88.0733944954,79.3577981651,43.8073394495,40.3669724771,67.6605504587,63.7614678899
-15.4228855721,-27.6948590381,-11.7744610282,-27.6948590381,-4.4776119403,-1.82421227197,-16.0862354892,-3.98009950249,-8.62354892206,-14.4278606965,-12.9353233831,-29.8507462687,-23.3830845771,-18.7396351575,-19.9004975124
-16.1538461538,-22.6923076923,-15.641025641,-22.6923076923,-8.97435897436,-10.8974358974,-23.4615384615,-18.7179487179,-21.0256410256,-30.5128205128,-31.4102564103,-38.3333333333,-21.5384615385,-33.7179487179,-31.1538461538
37.7532228361,43.6464088398,27.0718232044,43.6464088398,56.7219152855,53.591160221,39.4106813996,35.5432780847,33.5174953959,51.0128913444,44.014732965,52.3020257827,16.3904235727,60.0368324125,44.7513812155
-3.91822827939,-7.49574105622,-4.77001703578,-7.49574105622,12.6064735945,13.7989778535,0.851788756388,5.11073253833,2.38500851789,-18.7393526405,-10.3918228279,-15.332197615,-21.6354344123,-19.4207836457,-17.0357751278
25.0,22.2916666667,26.0416666667,22.2916666667,45.2083333333,43.5416666667,25.2083333333,27.7083333333,26.875,57.9166666667,7.29166666667,-1.66666666667,0.625,7.70833333333,14.375
-36.8221941992,-39.4703656999,-38.7137452711,-39.4703656999,-23.0769230769,-23.2030264817,-34.0479192938,-31.1475409836,-32.6607818411,-44.7667087011,-45.6494325347,-40.8575031526,-46.1538461538,-45.3972257251,-44.5145018916
48.814229249,56.7193675889,43.4782608696,56.7193675889,70.1581027668,65.4150197628,49.4071146245,40.3162055336,47.628458498,62.0553359684,54.5454545455,41.6996047431,52.9644268775,71.7391304348,56.5217391304
17.0526315789,6.52631578947,20.0,6.52631578947,32.8421052632,34.5263157895,19.5789473684,21.2631578947,28.2105263158,2.52631578947,-1.68421052632,3.36842105263,2.73684210526,10.1052631579,3.36842105263
-16.2640901771,-23.5104669887,-13.3655394525,-23.5104669887,-2.4154589372,-3.22061191626,-15.4589371981,-13.6876006441,-11.5942028986,-21.578099839,-23.1884057971,-17.3913043478,-21.4170692432,-22.383252818,-21.2560386473
-14.9295774648,-12.5352112676,-19.7183098592,-12.5352112676,1.69014084507,-0.422535211268,-13.5211267606,-15.3521126761,-11.2676056338,-26.7605633803,-28.4507042254,-30.4225352113,-27.323943662,-30.2816901408,-28.5915492958
14.006514658,15.6351791531,12.3778501629,15.6351791531,29.1530944625,27.1986970684,14.1693811075,6.67752442997,13.5179153094,18.5667752443,3.25732899023,-21.661237785,26.0586319218,5.37459283388,6.35179153094
11.0535405872,6.04490500864,13.6442141623,6.04490500864,23.6614853195,23.4887737478,8.63557858377,6.90846286701,16.5803108808,-10.1899827288,-5.18134715026,-3.79965457686,9.15371329879,-16.0621761658,-5.18134715026
-11.8741058655,-17.1673819742,-8.58369098712,-17.1673819742,-1.57367668097,-2.14592274678,-14.3061516452,-14.5922746781,-8.86981402003,-3.5765379113,-30.4721030043,-29.3276108727,-10.5865522175,-11.0157367668,-17.0243204578
-15.2912621359,-15.1699029126,-15.2912621359,-15.1699029126,-4.85436893204,-6.55339805825,-16.8689320388,-20.6310679612,-13.8349514563,-11.6504854369,-16.2621359223,-41.6262135922,-6.06796116505,-31.5533980583,-21.4805825243
6.20871862616,8.85072655218,5.41611624835,8.85072655218,16.7767503303,14.927344782,4.09511228534,-1.71730515192,7.00132100396,8.32232496697,-1.05680317041,-3.30250990753,2.90620871863,-3.43461030383,0.660501981506
-6.21193666261,-7.79537149817,-4.01948842875,-7.79537149817,0.974421437272,0.852618757613,-9.86601705238,-11.4494518879,-3.77588306943,-11.3276492083,-15.1035322777,-23.6297198538,0.730816077954,-10.9622411693,-12.0584652862
-8.90868596882,-8.57461024499,-7.23830734967,-8.57461024499,-2.00445434298,-2.78396436526,-11.4699331849,-13.9198218263,-8.24053452116,-8.6859688196,-12.9175946548,-7.90645879733,-18.0400890869,-18.5968819599,-13.2516703786
-1.46396396396,1.12612612613,-1.35135135135,1.12612612613,6.08108108108,5.18018018018,-5.40540540541,-7.65765765766,-1.01351351351,6.30630630631,29.1666666667,2.13963963964,5.85585585586,-3.04054054054,8.10810810811
0.113636363636,0.909090909091,1.93181818182,0.909090909091,6.02272727273,5.79545454545,-4.31818181818,-5.0,0.340909090909,-2.27272727273,39.5454545455,10.7954545455,6.81818181818,-2.15909090909,10.5681818182
-0.681044267877,-0.11350737798,1.02156640182,-0.11350737798,5.22133938706,4.9943246311,-5.10783200908,-3.40522133939,-0.454029511918,-2.38365493757,39.3870601589,2.95119182747,6.69693530079,-2.27014755959,8.85357548241
29.955290611,31.2965722802,31.4456035768,31.2965722802,38.1520119225,37.8539493294,25.4843517139,27.5707898659,28.1669150522,28.1669150522,83.0104321908,45.305514158,40.0894187779,30.1043219076,45.305514158
2.57142857143,-4.14285714286,7.71428571429,-4.14285714286,8.28571428571,9.57142857143,-3.42857142857,7.57142857143,4.28571428571,-18.2857142857,-10.5714285714,2.42857142857,1.0,24.1428571429,-0.285714285714
-5.44488711819,-7.0385126162,-4.11686586985,-7.0385126162,3.71845949535,3.05444887118,-9.16334661355,-1.46082337317,-6.37450199203,-3.32005312085,-8.36653386454,-16.8658698539,2.78884462151,15.4050464807,-2.12483399734
56.8376068376,60.8974358974,52.3504273504,60.8974358974,76.0683760684,74.1452991453,54.9145299145,62.8205128205,54.2735042735,55.5555555556,48.9316239316,53.2051282051,17.3076923077,85.6837606838,52.1367521368
2.48565965583,-10.5162523901,7.64818355641,-10.5162523901,13.3843212237,15.4875717017,0.38240917782,15.4875717017,8.60420650096,-5.7361376673,-17.5908221797,-11.4722753346,-3.63288718929,-12.2370936902,-10.1338432122
-19.3265007321,-23.4260614934,-18.8872620791,-23.4260614934,-6.88140556369,-8.19912152269,-21.0834553441,-11.859443631,-19.1800878477,-28.1112737921,-24.4509516837,-27.8184480234,-29.4289897511,-42.4597364568,-30.4538799414
25.8687258687,31.8532818533,18.5328185328,31.8532818533,47.8764478764,44.4015444015,32.6254826255,27.7992277992,23.5521235521,6.56370656371,23.7451737452,32.8185328185,6.37065637066,6.37065637066,15.250965251
-5.75296108291,-12.3519458545,-4.90693739425,-12.3519458545,6.76818950931,6.93739424704,-3.21489001692,-1.18443316413,-1.52284263959,-13.8747884941,-18.6125211506,-5.07614213198,-18.4433164129,-16.7512690355,-14.551607445
1.67224080268,-1.17056856187,2.84280936455,-1.17056856187,15.3846153846,13.5451505017,1.67224080268,1.17056856187,4.01337792642,0.501672240803,-12.0401337793,-21.0702341137,-7.02341137124,-17.2240802676,-11.3712374582
-10.4565537555,-11.9293078056,-11.3402061856,-11.9293078056,2.35640648012,1.03092783505,-7.21649484536,-10.8983799705,-7.21649484536,-20.176730486,-15.1693667158,-27.2459499264,-18.8512518409,-27.0986745214,-21.6494845361
-3.56125356125,-3.27635327635,-3.9886039886,-3.27635327635,8.11965811966,6.55270655271,-1.28205128205,-7.69230769231,-2.13675213675,-21.3675213675,-8.68945868946,-5.55555555556,-21.7948717949,-7.83475783476,-13.1054131054
-7.26552179657,-7.26552179657,-7.39762219287,-7.26552179657,2.64200792602,1.58520475561,-5.94451783355,-11.8890356671,-4.62351387054,-3.83091149273,-16.248348745,-36.4597093791,2.24570673712,-22.7212681638,-15.4557463672
-5.15075376884,-4.89949748744,-4.39698492462,-4.89949748744,3.01507537688,2.01005025126,-4.64824120603,-11.5577889447,-4.02010050251,-8.54271356784,-12.4371859296,-9.92462311558,-14.4472361809,9.17085427136,-7.2864321608
4.36507936508,5.29100529101,5.02645502646,5.29100529101,12.5661375661,11.6402116402,3.57142857143,-2.38095238095,5.95238095238,8.46560846561,3.43915343915,-17.0634920635,3.04232804233,-3.30687830688,-1.0582010582
-3.74531835206,-5.61797752809,-1.37328339576,-5.61797752809,2.12234706617,1.74781523096,-6.3670411985,-8.3645443196,-2.12234706617,-9.11360799001,-12.9837702871,-16.2297128589,13.7328339576,-8.73907615481,-6.61672908864
34.2905405405,35.3040540541,35.1351351351,35.3040540541,44.2567567568,42.9054054054,31.5878378378,29.0540540541,35.6418918919,38.5135135135,32.0945945946,23.6486486486,31.5878378378,23.4797297297,29.8986486486
-17.0512820513,-24.1025641026,-12.8205128205,-24.1025641026,-12.3076923077,-11.6666666667,-21.4102564103,-13.7179487179,-12.6923076923,-22.9487179487,-26.1538461538,-15.0,-29.6153846154,-27.6923076923,-24.2307692308
-4.88721804511,-2.25563909774,-6.01503759398,-2.25563909774,4.6365914787,2.75689223058,-7.7694235589,-7.01754385965,-5.38847117794,2.75689223058,11.2781954887,-15.5388471178,-23.3082706767,8.89724310777,-3.1328320802
-1.26103404792,0.63051702396,-1.76544766709,0.63051702396,7.06179066835,6.1790668348,-3.1525851198,-3.78310214376,-0.126103404792,3.40479192938,-1.38713745271,-20.9331651955,-14.1235813367,-7.8184110971,-8.19672131148
-17.1368861024,-17.1368861024,-15.5694879833,-17.1368861024,-11.7032392894,-12.2257053292,-18.0773249739,-19.644723093,-16.4054336468,-14.315569488,-7.21003134796,-23.5109717868,-4.80668756531,-23.6154649948,-14.7335423197
-15.2908067542,-10.2251407129,-16.6979362101,-10.2251407129,-8.34896810507,-9.56848030019,-14.7279549719,-18.574108818,-15.7598499062,10.1313320826,14.5403377111,-8.53658536585,-8.81801125704,-19.2307692308,-2.34521575985
-3.85356454721,2.69749518304,-4.81695568401,2.69749518304,2.50481695568,1.63776493256,-3.27552986513,-8.28516377649,-6.06936416185,4.14258188825,2.8901734104,-5.97302504817,17.8227360308,2.50481695568,4.23892100193
23.1334149327,27.0501835985,25.458996328,27.0501835985,27.417380661,27.417380661,22.5214198286,18.9718482252,22.8886168911,14.3206854345,38.5556915545,43.6964504284,39.1676866585,35.6181150551,34.2717258262
0.703399765533,-4.2203985932,6.91676436108,-4.2203985932,0.937866354045,2.1101992966,-5.2754982415,2.22743259086,2.81359906213,-3.86869871043,-8.32356389215,6.3305978898,25.4396248535,0.937866354045,4.10316529894
34.439178515,34.7551342812,36.6508688784,34.7551342812,40.4423380727,39.9684044234,29.541864139,37.4407582938,33.3333333333,29.541864139,18.3254344392,47.0774091627,16.2717219589,36.018957346,29.3838862559
-9.10290237467,-16.4907651715,-4.88126649077,-16.4907651715,-6.33245382586,-5.27704485488,-14.2480211082,0.131926121372,-6.5963060686,-19.5250659631,-29.419525066,-17.4142480211,2.11081794195,14.6437994723,-9.8944591029
35.1548269581,38.0692167577,32.2404371585,38.0692167577,47.5409836066,46.0837887067,32.9690346084,42.2586520947,33.1511839709,32.6047358834,26.9581056466,30.6010928962,40.9836065574,33.1511839709,32.7868852459
-6.69781931464,-14.4859813084,-5.45171339564,-14.4859813084,-0.311526479751,0.778816199377,-9.81308411215,5.29595015576,-3.11526479751,-17.2897196262,-19.7819314642,-0.155763239875,-14.1744548287,-14.1744548287,-13.0841121495
-8.06916426513,-7.49279538905,-10.9510086455,-7.49279538905,3.02593659942,1.72910662824,-6.19596541787,-1.87319884726,-7.63688760807,-16.2824207493,-22.9106628242,-19.7406340058,-20.6051873199,-29.9711815562,-21.9020172911
24.5871559633,27.3394495413,19.8165137615,27.3394495413,38.7155963303,37.0642201835,27.3394495413,28.623853211,26.0550458716,-12.1100917431,26.6055045872,-3.66972477064,2.01834862385,3.48623853211,3.30275229358
-9.67741935484,-16.2826420891,-7.98771121352,-16.2826420891,-2.45775729647,-2.15053763441,-7.3732718894,-3.6866359447,-5.52995391705,-26.7281105991,-22.4270353303,-30.7219662058,-20.4301075269,-4.45468509985,-20.89093702
10.9965635739,11.8556701031,8.5910652921,11.8556701031,23.7113402062,21.8213058419,13.9175257732,12.7147766323,13.2302405498,-0.171821305842,-8.07560137457,-4.29553264605,-4.46735395189,-16.4948453608,-6.70103092784
-12.3741007194,-16.2589928058,-11.3669064748,-16.2589928058,-4.46043165468,-4.89208633094,-8.77697841727,-10.7913669065,-8.34532374101,-3.02158273381,-24.3165467626,-15.3956834532,-30.5035971223,-17.5539568345,-18.1294964029
16.3822525597,18.6006825939,14.5051194539,18.6006825939,28.6689419795,26.7918088737,19.4539249147,13.9931740614,18.0887372014,-18.2593856655,17.747440273,-10.409556314,6.65529010239,-3.7542662116,-1.53583617747
-14.6978021978,-19.5054945055,-12.5,-19.5054945055,-8.51648351648,-8.51648351648,-13.8736263736,-14.8351648352,-10.5769230769,4.12087912088,-27.7472527473,-11.9505494505,-21.978021978,-24.3131868132,-16.3461538462
33.9622641509,37.358490566,32.2641509434,37.358490566,46.9811320755,44.9056603774,36.0377358491,29.2452830189,35.4716981132,37.358490566,19.6226415094,-9.24528301887,-3.58490566038,43.3962264151,17.5471698113
33.4841628959,19.9095022624,40.9502262443,19.9095022624,40.2714932127,41.4027149321,30.5429864253,34.1628959276,42.3076923077,11.7647058824,21.7194570136,2.03619909502,25.7918552036,11.9909502262,14.7058823529
-17.9321486268,-28.5945072698,-13.2471728595,-28.5945072698,-11.4701130856,-11.3085621971,-22.7786752827,-14.8626817447,-11.9547657512,-24.7172859451,-20.6785137318,-19.7092084006,-19.3861066236,-19.7092084006,-20.8400646204
-12.6255380201,-11.1908177905,-15.3515064562,-11.1908177905,-1.00430416069,-3.29985652798,-12.0516499283,-14.4906743185,-11.1908177905,-25.3945480631,-27.1162123386,-32.281205165,-25.681492109,-25.824964132,-27.2596843615
29.82791587,33.2695984704,26.0038240918,33.2695984704,43.7858508604,41.6826003824,31.1663479924,23.5181644359,31.7399617591,39.1969407266,31.931166348,26.7686424474,4.97131931166,23.7093690249,25.2390057361
-15.2492668622,-23.3137829912,-10.2639296188,-23.3137829912,-10.2639296188,-9.53079178886,-15.9824046921,-16.1290322581,-9.38416422287,-28.0058651026,-34.4574780059,-30.7917888563,-29.1788856305,-24.1935483871,-29.3255131965
34.8088531187,37.2233400402,34.6076458753,37.2233400402,48.6921529175,46.0764587525,35.2112676056,27.5653923541,33.8028169014,11.0663983903,28.9738430584,38.430583501,10.46277666,10.8651911469,19.9195171026
-2.29276895944,-12.3456790123,1.41093474427,-12.3456790123,4.05643738977,4.93827160494,-5.11463844797,-1.94003527337,5.29100529101,-21.8694885362,-12.1693121693,-10.758377425,-7.40740740741,-19.0476190476,-14.2857142857
32.9596412556,27.130044843,36.9955156951,27.130044843,44.8430493274,43.0493273543,28.4753363229,28.9237668161,36.5470852018,55.8295964126,15.4708520179,32.2869955157,24.66367713,23.5426008969,30.269058296
-10.4316546763,-19.7841726619,-9.1726618705,-19.7841726619,-1.43884892086,-1.07913669065,-14.7482014388,-7.55395683453,-3.05755395683,-20.1438848921,-16.3669064748,-19.0647482014,-11.3309352518,-21.4028776978,-17.6258992806
2.15053763441,-0.358422939068,2.32974910394,-0.358422939068,14.1577060932,12.0071684588,2.50896057348,-1.43369175627,4.12186379928,-10.752688172,-19.5340501792,-13.2616487455,-7.16845878136,-12.1863799283,-12.5448028674
115.589353612,112.16730038,109.125475285,112.16730038,142.585551331,140.30418251,116.349809886,109.885931559,121.673003802,89.3536121673,70.7224334601,113.307984791,91.6349809886,86.3117870722,90.1140684411
